Participant City,Participant Country,Connection,IPv,Destination,Destination IP,Destination Hostname,Destination ASN,Destination City,Destination Country,Trace Hop Count,Hop 1 IP,Hop 1 Hostname,Hop 1 RTT,Hop 1 ASN,Hop 1 City,Hop 1 Country,Hop 2 IP,Hop 2 Hostname,Hop 2 RTT,Hop 2 ASN,Hop 2 City,Hop 2 Country,Hop 3 IP,Hop 3 Hostname,Hop 3 RTT,Hop 3 ASN,Hop 3 City,Hop 3 Country,Hop 4 IP,Hop 4 Hostname,Hop 4 RTT,Hop 4 ASN,Hop 4 City,Hop 4 Country,Hop 5 IP,Hop 5 Hostname,Hop 5 RTT,Hop 5 ASN,Hop 5 City,Hop 5 Country,Hop 6 IP,Hop 6 Hostname,Hop 6 RTT,Hop 6 ASN,Hop 6 City,Hop 6 Country,Hop 7 IP,Hop 7 Hostname,Hop 7 RTT,Hop 7 ASN,Hop 7 City,Hop 7 Country,Hop 8 IP,Hop 8 Hostname,Hop 8 RTT,Hop 8 ASN,Hop 8 City,Hop 8 Country,Hop 9 IP,Hop 9 Hostname,Hop 9 RTT,Hop 9 ASN,Hop 9 City,Hop 9 Country,Hop 10 IP,Hop 10 Hostname,Hop 10 RTT,Hop 10 ASN,Hop 10 City,Hop 10 Country,Hop 11 IP,Hop 11 Hostname,Hop 11 RTT,Hop 11 ASN,Hop 11 City,Hop 11 Country,Hop 12 IP,Hop 12 Hostname,Hop 12 RTT,Hop 12 ASN,Hop 12 City,Hop 12 Country,Hop 13 IP,Hop 13 Hostname,Hop 13 RTT,Hop 13 ASN,Hop 13 City,Hop 13 Country,Hop 14 IP,Hop 14 Hostname,Hop 14 RTT,Hop 14 ASN,Hop 14 City,Hop 14 Country,Hop 15 IP,Hop 15 Hostname,Hop 15 RTT,Hop 15 ASN,Hop 15 City,Hop 15 Country,Hop 16 IP,Hop 16 Hostname,Hop 16 RTT,Hop 16 ASN,Hop 16 City,Hop 16 Country,Hop 17 IP,Hop 17 Hostname,Hop 17 RTT,Hop 17 ASN,Hop 17 City,Hop 17 Country,Hop 18 IP,Hop 18 Hostname,Hop 18 RTT,Hop 18 ASN,Hop 18 City,Hop 18 Country,Hop 19 IP,Hop 19 Hostname,Hop 19 RTT,Hop 19 ASN,Hop 19 City,Hop 19 Country
vancouver,canada,wifi,4,www.instagram.com,209.52.156.97,Unknown,AS852 TELUS Communications Inc.,Vancouver,Canada,4,192.168.1.254,Unknown,0.885,,,,10.27.162.1,Unknown,3.303,,,,96.1.213.244,Unknown,3.411,,Burnaby,Canada,209.52.143.227,m227.aaa.bbb.ccc.bctel.net,1.586,AS852 TELUS Communications Inc.,Vancouver,Canada,,,,,,,,,,,,,,,,,,,,,,,,,,,,,,,,,,,,,,,,,,,,,,,,,,,,,,,,,,,,,,,,,,,,,,,,,,,,,,,,,,,,,,,,,,
berlin,germany,wifi,6,www.instagram.com,2a01:860:1000:4:face:b00c:3333:a3f,Unknown,AS3209 Vodafone GmbH,Düsseldorf,Germany,7,2a02:8109:92c0:fb8:3631:c4ff:fef2:bf2c,Unknown,1.443,AS31334 Vodafone Deutschland GmbH,Berlin,Germany,2a02:8109:8001:25::1,Unknown,13.753,AS31334 Vodafone Deutschland GmbH,Unterföhring,Germany,2a02:8109:8001:25::1,Unknown,12.994,AS31334 Vodafone Deutschland GmbH,Unterföhring,Germany,2a02:8100:6:2::103:11,Unknown,16.795,AS3209 Vodafone GmbH,Unterföhring,Germany,,,,,,,2a01:860:2000::d,Unknown,14.063,AS3209 Vodafone GmbH,Düsseldorf,Germany,2a01:860:2000::e,Unknown,13.59,AS3209 Vodafone GmbH,Düsseldorf,Germany,,,,,,,,,,,,,,,,,,,,,,,,,,,,,,,,,,,,,,,,,,,,,,,,,,,,,,,,,,,,,,,,,,,,,,,,
brighton,uk,wifi,4,www.instagram.com,157.240.1.52,Unknown,"AS32934 Facebook, Inc.",London,United Kingdom,11,192.168.1.1,Unknown,1.45,,,,192.168.0.1,Unknown,3.077,,,,,,,,,,80.3.64.89,brig-core-2a-xe-804-0.network.virginmedia.net,16.159,AS5089 Virgin Media Limited,Brighton,United Kingdom,,,,,,,62.253.174.174,telw-ic-1-ae0-0.network.virginmedia.net,18.904,AS5089 Virgin Media Limited,London,United Kingdom,157.240.65.124,ae13.pr04.lhr3.tfbnw.net,13.498,"AS32934 Facebook, Inc.",New York City,United States,31.13.31.100,po141.asw02.lhr6.tfbnw.net,14.439,"AS32934 Facebook, Inc.",Moscow,Russia,157.240.40.127,Unknown,24.239,"AS32934 Facebook, Inc.",Washington,United States,173.252.67.3,Unknown,16.253,"AS32934 Facebook, Inc.",Menlo Park,United States,157.240.1.52,Unknown,13.995,"AS32934 Facebook, Inc.",London,United Kingdom,,,,,,,,,,,,,,,,,,,,,,,,,,,,,,,,,,,,,,,,,,,,,,,,
cambridge,canada,wifi,4,www.instagram.com,76.10.130.224,76-10-130-224.dsl.teksavvy.com,"AS5645 TekSavvy Solutions, Inc.",Toronto,Canada,6,192.168.0.1,Unknown,2.745,,,,,,,,,,104.195.128.70,Unknown,17.984,"AS5645 TekSavvy Solutions, Inc.",Toronto,Canada,104.195.128.213,kitchener.tsi-rcable.tor2.teksavvy.com,15.393,"AS5645 TekSavvy Solutions, Inc.",Toronto,Canada,206.248.155.92,ae10-0-bdr01-tor2.teksavvy.com,21.985,"AS5645 TekSavvy Solutions, Inc.",Toronto,Canada,192.171.60.214,192-171-60-214.cpe.pppoe.ca,15.04,"AS5645 TekSavvy Solutions, Inc.",Toronto,Canada,,,,,,,,,,,,,,,,,,,,,,,,,,,,,,,,,,,,,,,,,,,,,,,,,,,,,,,,,,,,,,,,,,,,,,,,,,,,,,
santiago,chile,wifi,4,www.youtube.com,186.10.138.80,z279.entelchile.net,AS27986 ENTEL CHILE S.A.,Santiago,Chile,5,10.0.0.1,Unknown,1.99,,,,192.168.100.1,Unknown,2.719,,,,186.67.248.20,Unknown,5.365,AS6471 ENTEL CHILE S.A.,Santiago,Chile,172.31.213.26,Unknown,7.503,,,,172.31.198.174,Unknown,14.765,,,,,,,,,,,,,,,,,,,,,,,,,,,,,,,,,,,,,,,,,,,,,,,,,,,,,,,,,,,,,,,,,,,,,,,,,,,,,,,,,,,,,,,
london,uk,4g,4,www.youtube.com,173.194.139.10,Unknown,AS15169 Google LLC,Mountain View,United States,1,172.20.10.1,Unknown,16.829,,,,,,,,,,,,,,,,,,,,,,,,,,,,,,,,,,,,,,,,,,,,,,,,,,,,,,,,,,,,,,,,,,,,,,,,,,,,,,,,,,,,,,,,,,,,,,,,,,,,,,,,,,,,,,,
london,uk,4g,4,www.youtube.com,173.194.139.10,Unknown,AS15169 Google LLC,Mountain View,United States,3,172.20.10.1,Unknown,3.69,,,,,,,,,,172.20.197.5,Unknown,75.483,,,,,,,,,,,,,,,,,,,,,,,,,,,,,,,,,,,,,,,,,,,,,,,,,,,,,,,,,,,,,,,,,,,,,,,,,,,,,,,,,,,,,,,,,,,,,,,,,,,
tokyo,japan,4g,4,www.youtube.com,49.98.24.80,Unknown,"AS9605 NTT DOCOMO, INC.",Tokyo,Japan,2,172.20.10.1,Unknown,272.724,,,,172.20.138.65,Unknown,168.593,,,,,,,,,,,,,,,,,,,,,,,,,,,,,,,,,,,,,,,,,,,,,,,,,,,,,,,,,,,,,,,,,,,,,,,,,,,,,,,,,,,,,,,,,,,,,,,,,,,,,,,,,
valencia,spain,4g,4,www.youtube.com,173.194.139.138,Unknown,AS15169 Google LLC,Mountain View,United States,16,192.168.43.163,Unknown,2.484,,,,,,,,,,10.22.60.109,Unknown,49.719,,,,10.22.60.110,Unknown,28.376,,,,,,,,,,10.25.64.161,Unknown,112.343,,,,,,,,,,172.30.84.241,Unknown,100.302,,,,,,,,,,,,,,,,,,,,,,72.14.211.154,Unknown,239.76,AS15169 Google LLC,Mountain View,United States,,,,,,,,,,,,,,,,,,,72.14.211.154,Unknown,115.366,AS15169 Google LLC,Mountain View,United States,,,,,,,,,,,,,,,,,,
bourneend,uk,4g,4,www.instagram.com,157.240.1.52,Unknown,"AS32934 Facebook, Inc.",London,United Kingdom,3,172.20.10.1,Unknown,0.642,,,,,,,,,,172.20.37.1,Unknown,39.414,,,,,,,,,,,,,,,,,,,,,,,,,,,,,,,,,,,,,,,,,,,,,,,,,,,,,,,,,,,,,,,,,,,,,,,,,,,,,,,,,,,,,,,,,,,,,,,,,,,
schofflisdorf,switzerland,wifi,4,www.instagram.com,194.230.47.33,Unknown,AS6730 Sunrise Communications AG,Zürich,Switzerland,10,192.168.1.1,Unknown,1.615,,,,,,,,,,10.200.102.161,Unknown,45.729,,,,10.200.102.66,Unknown,35.235,,,,212.161.142.13,Unknown,35.217,AS6730 Sunrise Communications AG,Zürich,Switzerland,,,,,,,195.141.217.155,tg0002ara01.xe0-0-0.bb.sunrise.net,45.609,AS6730 Sunrise Communications AG,Zürich,Switzerland,,,,,,,212.161.247.131,zur01pe20.100ge3-0-0.bb.sunrise.net,42.272,AS6730 Sunrise Communications AG,Zürich,Switzerland,193.192.225.227,Unknown,36.2,AS6730 Sunrise Communications AG,Zürich,Switzerland,,,,,,,,,,,,,,,,,,,,,,,,,,,,,,,,,,,,,,,,,,,,,,,,,,,,,,
gland,switzerland,4g,4,www.instagram.com,90.255.253.97,Unknown,AS5378 Vodafone Limited,Slough,United Kingdom,9,172.20.10.1,Unknown,2.861,,,,,,,,,,192.168.172.44,Unknown,103.786,,,,192.168.172.60,Unknown,80.191,,,,192.168.172.94,Unknown,80.202,,,,,,,,,,172.20.85.105,Unknown,113.887,,,,63.130.104.202,Unknown,110.445,AS1273 Vodafone Group PLC,London,United Kingdom,90.255.254.82,Unknown,114.368,AS5378 Vodafone Limited,London,United Kingdom,,,,,,,,,,,,,,,,,,,,,,,,,,,,,,,,,,,,,,,,,,,,,,,,,,,,,,,,,,,,
gland,switzerland,wifi,6,www.instagram.com,2001:918:ff44:100:face:b00c:3333:a3f,Unknown,AS3303 Swisscom (Schweiz) AG,Bolligen,Switzerland,0,,,,,,,,,,,,,,,,,,,,,,,,,,,,,,,,,,,,,,,,,,,,,,,,,,,,,,,,,,,,,,,,,,,,,,,,,,,,,,,,,,,,,,,,,,,,,,,,,,,,,,,,,,,,,,,,,,
schofflisdorf,switzerland,4g,4,www.instagram.com,194.230.47.33,Unknown,AS6730 Sunrise Communications AG,Zürich,Switzerland,10,192.168.43.251,Unknown,2.151,,,,192.168.1.1,Unknown,6.577,,,,10.200.102.161,Unknown,35.306,,,,10.200.102.66,Unknown,51.74,,,,212.161.142.13,Unknown,38.57,AS6730 Sunrise Communications AG,Zürich,Switzerland,,,,,,,195.141.217.155,tg0002ara01.xe0-0-0.bb.sunrise.net,91.797,AS6730 Sunrise Communications AG,Zürich,Switzerland,,,,,,,212.161.247.131,zur01pe20.100ge3-0-0.bb.sunrise.net,26.94,AS6730 Sunrise Communications AG,Zürich,Switzerland,193.192.225.227,Unknown,30.152,AS6730 Sunrise Communications AG,Zürich,Switzerland,,,,,,,,,,,,,,,,,,,,,,,,,,,,,,,,,,,,,,,,,,,,,,,,,,,,,,
santiago,chile,4g,4,www.youtube.com,186.10.138.80,z279.entelchile.net,AS27986 ENTEL CHILE S.A.,Santiago,Chile,11,172.20.10.1,Unknown,3.088,,,,,,,,,,,,,,,,172.25.238.57,Unknown,37.374,,,,,,,,,,,,,,,,10.170.115.202,Unknown,23.805,,,,172.31.213.30,Unknown,23.763,,,,172.31.197.137,Unknown,24.412,,,,172.31.197.30,Unknown,23.759,,,,172.31.198.174,Unknown,23.603,,,,,,,,,,,,,,,,,,,,,,,,,,,,,,,,,,,,,,,,,,,,,,,,,,,
bromsgrove,uk,4g,4,www.youtube.com,173.194.139.10,Unknown,AS15169 Google LLC,Mountain View,United States,3,192.168.43.168,Unknown,2.403,,,,,,,,,,172.25.83.1,Unknown,54.124,,,,,,,,,,,,,,,,,,,,,,,,,,,,,,,,,,,,,,,,,,,,,,,,,,,,,,,,,,,,,,,,,,,,,,,,,,,,,,,,,,,,,,,,,,,,,,,,,,,
valencia,spain,wifi,4,www.youtube.com,173.194.139.138,Unknown,AS15169 Google LLC,Mountain View,United States,12,192.168.0.1,Unknown,1.628,,,,192.168.1.1,Unknown,1.682,,,,81.46.38.46,46.red-81-46-38.customer.static.ccgg.telefonica.net,34.09,AS3352 TELEFONICA DE ESPANA,Madrid,Spain,81.46.69.97,97.red-81-46-69.customer.static.ccgg.telefonica.net,15.449,AS3352 TELEFONICA DE ESPANA,Bayeux,France,,,,,,,,,,,,,176.52.253.97,Unknown,37.089,AS12956 TELEFONICA GLOBAL SOLUTIONS SL,Madrid,Spain,72.14.211.154,Unknown,15.844,AS15169 Google LLC,Mountain View,United States,,,,,,,108.170.230.190,Unknown,12.364,AS15169 Google LLC,Mountain View,United States,216.239.35.239,Unknown,12.608,AS15169 Google LLC,Mountain View,United States,173.194.139.138,Unknown,12.075,AS15169 Google LLC,Mountain View,United States,,,,,,,,,,,,,,,,,,,,,,,,,,,,,,,,,,,,,,,,,,
cambridge,canada,wifi,4,www.youtube.com,206.248.151.144,cache.google.com,"AS5645 TekSavvy Solutions, Inc.",Toronto,Canada,5,192.168.0.1,Unknown,3.518,,,,,,,,,,104.195.128.70,Unknown,20.712,"AS5645 TekSavvy Solutions, Inc.",Toronto,Canada,104.195.128.213,kitchener.tsi-rcable.tor2.teksavvy.com,16.6,"AS5645 TekSavvy Solutions, Inc.",Toronto,Canada,206.248.155.92,ae10-0-bdr01-tor2.teksavvy.com,14.28,"AS5645 TekSavvy Solutions, Inc.",Toronto,Canada,,,,,,,,,,,,,,,,,,,,,,,,,,,,,,,,,,,,,,,,,,,,,,,,,,,,,,,,,,,,,,,,,,,,,,,,,,,,,,,,,,,,
london,uk,wifi,6,www.youtube.com,2a02:c7a:8000:1905::10,Unknown,AS5607 Sky UK Limited,London,United Kingdom,3,2a02:c7f:d44f:2600::1,Unknown,2.248,AS5607 Sky UK Limited,London,United Kingdom,2a02:c79:2::262,Unknown,7.852,AS5607 Sky UK Limited,London,United Kingdom,2a02:c79:2::297,Unknown,7.723,AS5607 Sky UK Limited,London,United Kingdom,,,,,,,,,,,,,,,,,,,,,,,,,,,,,,,,,,,,,,,,,,,,,,,,,,,,,,,,,,,,,,,,,,,,,,,,,,,,,,,,,,,,,,,,,,,,,,,,
tokyo,japan,4g,4,www.instagram.com,49.98.22.32,Unknown,"AS9605 NTT DOCOMO, INC.",Tokyo,Japan,2,172.20.10.1,Unknown,2.456,,,,172.20.138.65,Unknown,49.049,,,,,,,,,,,,,,,,,,,,,,,,,,,,,,,,,,,,,,,,,,,,,,,,,,,,,,,,,,,,,,,,,,,,,,,,,,,,,,,,,,,,,,,,,,,,,,,,,,,,,,,,,
perth,australia,4g,4,www.instagram.com,157.240.8.52,instagram-p3-shv-01-syd2.fbcdn.net,"AS32934 Facebook, Inc.",Sydney,Australia,14,172.20.10.1,Unknown,2.489,,,,10.251.255.254,Unknown,143.319,,,,10.194.36.17,Unknown,46.767,,,,10.194.125.2,Unknown,26.93,,,,10.194.125.9,Unknown,38.007,,,,10.194.125.209,Unknown,36.184,,,,,,,,,,,,,,,,,,,,,,,,,,,,59.154.18.212,hu0-6-0-0.22rrpr01.optus.net.au,98.313,AS7474 SingTel Optus Pty Ltd,Sydney,Australia,157.240.47.65,po104.psw02.syd2.tfbnw.net,100.137,"AS32934 Facebook, Inc.",Washington,United States,157.240.47.79,po103.psw04.syd2.tfbnw.net,82.974,"AS32934 Facebook, Inc.",Washington,United States,157.240.8.52,instagram-p3-shv-01-syd2.fbcdn.net,84.136,"AS32934 Facebook, Inc.",Sydney,Australia,,,,,,,,,,,,,,,,,,,,,,,,,,,,,,
espoo,finland,wifi,6,www.instagram.com,2001:14b8:1800:401:face:b00c:3333:a3f,Unknown,AS16086 DNA Oyj,Virtasalmi,Finland,7,2001:14bb:491:d6:a693:3fff:fe15:699,Unknown,30.158,AS16086 DNA Oyj,Loimaa,Finland,,,,,,,2001:14b8:1040:104::f9:0,Unknown,20.468,AS16086 DNA Oyj,Virtasalmi,Finland,2001:14b8:1040:0:3e4e:641e::,Unknown,239.61,AS16086 DNA Oyj,Virtasalmi,Finland,,,,,,,2001:14b8:1800:400::1,Unknown,25.388,AS16086 DNA Oyj,Virtasalmi,Finland,2001:14b8:1800:400::c,Unknown,24.225,AS16086 DNA Oyj,Virtasalmi,Finland,,,,,,,,,,,,,,,,,,,,,,,,,,,,,,,,,,,,,,,,,,,,,,,,,,,,,,,,,,,,,,,,,,,,,,,,
berlin,germany,4g,4,www.instagram.com,185.60.217.63,instagram-p3-shv-01-ber1.fbcdn.net,"AS32934 Facebook, Inc.",Velbert,Germany,14,192.168.43.203,Unknown,1.363,,,,,,,,,,10.218.161.60,Unknown,26.696,,,,10.218.163.138,Unknown,30.557,,,,10.216.34.86,Unknown,25.392,,,,10.216.34.58,Unknown,30.546,,,,169.254.1.30,Unknown,36.663,,,,145.253.5.126,Unknown,26.334,AS3209 Vodafone GmbH,Düsseldorf,Germany,92.79.215.49,Unknown,53.942,AS3209 Vodafone GmbH,Düsseldorf,Germany,92.79.215.49,Unknown,30.563,AS3209 Vodafone GmbH,Düsseldorf,Germany,157.240.75.182,ae5.pr03.ber1.tfbnw.net,40.193,"AS32934 Facebook, Inc.",New York City,United States,157.240.51.115,po103.psw02.ber1.tfbnw.net,26.437,"AS32934 Facebook, Inc.",New York City,United States,173.252.67.63,Unknown,25.219,"AS32934 Facebook, Inc.",Menlo Park,United States,185.60.217.63,instagram-p3-shv-01-ber1.fbcdn.net,24.489,"AS32934 Facebook, Inc.",Velbert,Germany,,,,,,,,,,,,,,,,,,,,,,,,,,,,,,
tokyo,japan,wifi,4,www.instagram.com,31.13.82.52,instagram-p3-shv-01-nrt1.fbcdn.net,"AS32934 Facebook, Inc.",Tokyo,Japan,12,192.168.11.1,Unknown,1.872,,,,221.251.242.57,221x251x242x57.ap221.ftth.ucom.ne.jp,2.063,AS17506 ARTERIA Networks Corporation,Tokyo,Japan,221.240.14.57,221x240x14x57.ap221.ftth.ucom.ne.jp,2.497,AS17506 ARTERIA Networks Corporation,Tokyo,Japan,221.112.22.113,221x112x22x113.ap221.ftth.ucom.ne.jp,3.201,AS17506 ARTERIA Networks Corporation,Tokyo,Japan,210.79.7.205,Unknown,4.884,AS17506 ARTERIA Networks Corporation,Tokyo,Japan,210.79.13.228,Unknown,2.624,AS17506 ARTERIA Networks Corporation,Tokyo,Japan,61.122.121.205,Unknown,2.976,AS17506 ARTERIA Networks Corporation,Tokyo,Japan,221.240.51.26,221x240x51x26.ap221.ftth.ucom.ne.jp,6.013,AS17506 ARTERIA Networks Corporation,Tokyo,Japan,61.122.113.18,Unknown,8.942,AS17506 ARTERIA Networks Corporation,Tokyo,Japan,157.240.40.1,Unknown,3.343,"AS32934 Facebook, Inc.",Menlo Park,United States,157.240.38.177,Unknown,11.492,"AS32934 Facebook, Inc.",Menlo Park,United States,31.13.82.52,instagram-p3-shv-01-nrt1.fbcdn.net,3.08,"AS32934 Facebook, Inc.",Tokyo,Japan,,,,,,,,,,,,,,,,,,,,,,,,,,,,,,,,,,,,,,,,,,
hemelhempstead,uk,wifi,4,www.instagram.com,157.240.1.52,Unknown,"AS32934 Facebook, Inc.",London,United Kingdom,11,192.168.68.1,Unknown,9.548,,,,192.168.0.1,Unknown,8.833,,,,,,,,,,62.252.13.49,lutn-core-2a-xe-1014-0.network.virginmedia.net,23.761,AS5089 Virgin Media Limited,Luton,United Kingdom,,,,,,,62.253.174.174,telw-ic-1-ae0-0.network.virginmedia.net,22.186,AS5089 Virgin Media Limited,London,United Kingdom,213.104.85.226,m482-mp2.cvx3-a.ltn.dial.ntli.net,20.39,AS5089 Virgin Media Limited,London,United Kingdom,129.134.45.52,Unknown,25.456,"AS32934 Facebook, Inc.",Washington,United States,129.134.45.15,Unknown,29.749,"AS32934 Facebook, Inc.",Washington,United States,157.240.38.183,Unknown,18.542,"AS32934 Facebook, Inc.",Menlo Park,United States,157.240.1.52,Unknown,17.419,"AS32934 Facebook, Inc.",London,United Kingdom,,,,,,,,,,,,,,,,,,,,,,,,,,,,,,,,,,,,,,,,,,,,,,,,
lecce,italy,4g,4,www.youtube.com,83.224.68.16,Unknown,AS30722 Vodafone Italia S.p.A.,Milan,Italy,9,172.20.10.1,Unknown,0.975,,,,,,,,,,10.133.14.73,Unknown,81.4,,,,10.133.14.14,Unknown,45.011,,,,10.133.14.236,Unknown,52.939,,,,10.133.14.1,Unknown,62.947,,,,10.176.18.118,Unknown,56.044,,,,83.224.40.197,Unknown,52.864,,Frutigen,Switzerland,83.224.40.217,Unknown,49.843,,Frutigen,Switzerland,,,,,,,,,,,,,,,,,,,,,,,,,,,,,,,,,,,,,,,,,,,,,,,,,,,,,,,,,,,,
london,uk,4g,4,www.instagram.com,157.240.221.63,instagram-p3-shv-01-lhr8.fbcdn.net,"AS32934 Facebook, Inc.",London,United Kingdom,1,172.20.10.1,Unknown,8.28,,,,,,,,,,,,,,,,,,,,,,,,,,,,,,,,,,,,,,,,,,,,,,,,,,,,,,,,,,,,,,,,,,,,,,,,,,,,,,,,,,,,,,,,,,,,,,,,,,,,,,,,,,,,,,,
berlin,germany,4g,4,www.youtube.com,74.125.13.74,Unknown,AS15169 Google LLC,Mountain View,United States,15,192.168.43.203,Unknown,2.598,,,,,,,,,,10.218.161.60,Unknown,29.57,,,,10.218.163.138,Unknown,26.196,,,,10.216.34.86,Unknown,52.406,,,,10.216.34.58,Unknown,26.162,,,,169.254.1.30,Unknown,27.513,,,,145.253.5.126,Unknown,32.162,AS3209 Vodafone GmbH,Düsseldorf,Germany,145.254.2.215,Unknown,31.553,AS3209 Vodafone GmbH,Düsseldorf,Germany,145.254.2.215,Unknown,36.497,AS3209 Vodafone GmbH,Düsseldorf,Germany,72.14.194.138,Unknown,32.105,AS15169 Google LLC,Mountain View,United States,,,,,,,216.239.49.248,Unknown,41.872,AS15169 Google LLC,Mountain View,United States,108.170.226.7,Unknown,35.626,AS15169 Google LLC,Mountain View,United States,74.125.13.74,Unknown,34.471,AS15169 Google LLC,Mountain View,United States,,,,,,,,,,,,,,,,,,,,,,,,
london,uk,wifi,4,www.youtube.com,62.252.60.80,cpc3-stme1-3-0-cust80.cdif.cable.ntl.com,AS5089 Virgin Media Limited,London,United Kingdom,6,192.168.0.1,Unknown,10.081,,,,10.30.28.1,Unknown,11.518,,,,213.104.22.37,hari-core-2a-xe-11011-0.network.virginmedia.net,18.431,AS5089 Virgin Media Limited,Harwich,United Kingdom,,,,,,,,,,,,,62.254.84.158,Unknown,96.05,AS5089 Virgin Media Limited,London,United Kingdom,,,,,,,,,,,,,,,,,,,,,,,,,,,,,,,,,,,,,,,,,,,,,,,,,,,,,,,,,,,,,,,,,,,,,,,,,,,,,,
cambridge,uk,4g,4,www.instagram.com,157.240.1.52,Unknown,"AS32934 Facebook, Inc.",London,United Kingdom,3,172.20.10.1,Unknown,0.607,,,,,,,,,,172.20.133.5,Unknown,125.309,,,,,,,,,,,,,,,,,,,,,,,,,,,,,,,,,,,,,,,,,,,,,,,,,,,,,,,,,,,,,,,,,,,,,,,,,,,,,,,,,,,,,,,,,,,,,,,,,,,
maastricht,netherlands,4g,4,www.instagram.com,157.240.201.63,instagram-p3-shv-01-ams4.fbcdn.net,"AS32934 Facebook, Inc.",Amsterdam,Netherlands,12,192.168.43.1,Unknown,1.717,,,,,,,,,,,,,,,,,,,,,,,,,,,,84.241.225.42,Unknown,45.338,AS31615 T-mobile Netherlands B.V.,Amsterdam,Netherlands,80.157.130.241,Unknown,26.076,AS3320 Deutsche Telekom AG,Hamburg,Germany,80.157.205.30,Unknown,127.317,AS3320 Deutsche Telekom AG,Nürnberg,Germany,129.134.34.138,ae4.ar03.otp1.tfbnw.net,55.593,"AS32934 Facebook, Inc.",New York City,United States,129.134.48.101,po226.psw04.ams4.tfbnw.net,33.884,"AS32934 Facebook, Inc.",Menlo Park,United States,173.252.67.177,Unknown,23.961,"AS32934 Facebook, Inc.",Menlo Park,United States,157.240.201.63,instagram-p3-shv-01-ams4.fbcdn.net,26.017,"AS32934 Facebook, Inc.",Amsterdam,Netherlands,,,,,,,,,,,,,,,,,,,,,,,,,,,,,,,,,,,,,,,,,,
neworleans,us,wifi,4,www.youtube.com,173.194.141.187,Unknown,AS15169 Google LLC,Dallas,United States,14,192.168.0.1,Unknown,3.23,,,,10.125.64.1,Unknown,210.152,,,,100.122.126.130,Unknown,52.095,,,,100.122.125.86,Unknown,30.945,,,,68.1.5.134,dalsbbrj02-ae3.0.rd.dl.cox.net,24.197,AS22773 Cox Communications Inc.,Macon,United States,72.14.205.158,Unknown,44.517,AS15169 Google LLC,Mountain View,United States,,,,,,,108.170.226.56,Unknown,31.009,AS15169 Google LLC,Mountain View,United States,108.170.252.130,Unknown,33.116,AS15169 Google LLC,Mountain View,United States,108.170.228.91,Unknown,24.655,AS15169 Google LLC,Mountain View,United States,108.170.228.80,Unknown,32.926,AS15169 Google LLC,Mountain View,United States,108.170.240.193,Unknown,24.791,AS15169 Google LLC,Mountain View,United States,64.233.175.9,Unknown,42.174,AS15169 Google LLC,Mountain View,United States,173.194.141.187,Unknown,29.1,AS15169 Google LLC,Dallas,United States,,,,,,,,,,,,,,,,,,,,,,,,,,,,,,
london,uk,wifi,4,www.instagram.com,157.240.1.52,Unknown,"AS32934 Facebook, Inc.",London,United Kingdom,10,192.168.0.1,Unknown,1.505,,,,,,,,,,62.255.65.181,popl-core-2a-xe-324-0.network.virginmedia.net,14.935,AS5089 Virgin Media Limited,London,United Kingdom,,,,,,,62.253.174.186,telw-ic-5-ae0-0.network.virginmedia.net,23.045,AS5089 Virgin Media Limited,London,United Kingdom,157.240.73.132,ae27.pr03.lhr3.tfbnw.net,28.683,"AS32934 Facebook, Inc.",Hanoi,Vietnam,157.240.33.12,po131.asw02.lhr6.tfbnw.net,22.336,"AS32934 Facebook, Inc.",Menlo Park,United States,157.240.40.135,Unknown,22.419,"AS32934 Facebook, Inc.",Washington,United States,173.252.67.91,Unknown,15.093,"AS32934 Facebook, Inc.",Menlo Park,United States,157.240.1.52,Unknown,22.362,"AS32934 Facebook, Inc.",London,United Kingdom,,,,,,,,,,,,,,,,,,,,,,,,,,,,,,,,,,,,,,,,,,,,,,,,,,,,,,
carmarthen,uk,4g,4,www.instagram.com,157.240.1.52,Unknown,"AS32934 Facebook, Inc.",London,United Kingdom,1,172.20.10.1,Unknown,2.917,,,,,,,,,,,,,,,,,,,,,,,,,,,,,,,,,,,,,,,,,,,,,,,,,,,,,,,,,,,,,,,,,,,,,,,,,,,,,,,,,,,,,,,,,,,,,,,,,,,,,,,,,,,,,,,
london,uk,wifi,4,www.instagram.com,157.240.1.52,Unknown,"AS32934 Facebook, Inc.",London,United Kingdom,10,192.168.0.1,Unknown,3.384,,,,,,,,,,62.252.114.5,hari-core-2a-xe-232-0.network.virginmedia.net,9.542,AS5089 Virgin Media Limited,Harwich,United Kingdom,,,,,,,62.253.174.174,telw-ic-1-ae0-0.network.virginmedia.net,14.892,AS5089 Virgin Media Limited,London,United Kingdom,157.240.65.124,ae13.pr04.lhr3.tfbnw.net,27.657,"AS32934 Facebook, Inc.",New York City,United States,129.134.45.58,po141.asw02.lhr3.tfbnw.net,32.306,"AS32934 Facebook, Inc.",Washington,United States,129.134.44.253,Unknown,22.71,"AS32934 Facebook, Inc.",Dallas,United States,173.252.67.87,Unknown,14.351,"AS32934 Facebook, Inc.",Menlo Park,United States,157.240.1.52,Unknown,25.91,"AS32934 Facebook, Inc.",London,United Kingdom,,,,,,,,,,,,,,,,,,,,,,,,,,,,,,,,,,,,,,,,,,,,,,,,,,,,,,
schofflisdorf,switzerland,4g,4,www.youtube.com,195.112.88.176,Unknown,AS6730 Sunrise Communications AG,Zürich,Switzerland,7,192.168.43.251,Unknown,73.49,,,,192.168.1.1,Unknown,8.762,,,,10.200.102.161,Unknown,74.847,,,,10.200.102.66,Unknown,178.298,,,,212.161.142.13,Unknown,102.572,AS6730 Sunrise Communications AG,Zürich,Switzerland,,,,,,,212.161.247.129,zur01pe20.100ge2-0-0.bb.sunrise.net,34.523,AS6730 Sunrise Communications AG,Zürich,Switzerland,,,,,,,,,,,,,,,,,,,,,,,,,,,,,,,,,,,,,,,,,,,,,,,,,,,,,,,,,,,,,,,,,,,,,,,,
eastpeoria,us,4g,4,www.instagram.com,31.13.65.52,instagram-p3-shv-01-atl3.fbcdn.net,"AS32934 Facebook, Inc.",Atlanta,United States,14,192.168.43.1,Unknown,3.9,,,,68.29.26.3,Unknown,770.233,AS3651 Sprint,Chicago,United States,,,,,,,68.29.27.9,Unknown,1526.519,AS3651 Sprint,Chicago,United States,144.223.21.113,sl-crs2-chi-be250.sprintlink.net,836.611,AS1239 Sprint,New York City,United States,144.232.22.79,sl-crs2-roa-be6.sprintlink.net,418.403,AS1239 Sprint,Roachdale,United States,144.232.22.220,sl-crs2-nsh-be2.sprintlink.net,482.856,AS1239 Sprint,Nashville,United States,144.232.17.72,sl-crs2-atl-be6.sprintlink.net,700.915,AS1239 Sprint,Tacoma,United States,144.232.2.211,sl-mst50-atl-ae12-0.sprintlink.net,465.424,AS1239 Sprint,Atlanta,United States,160.81.220.58,sl-faceb-877657-0.sprintlink.net,1059.1,AS1239 Sprint,New York City,United States,31.13.25.175,Unknown,547.419,"AS32934 Facebook, Inc.",Moscow,Russia,173.252.67.23,Unknown,418.684,"AS32934 Facebook, Inc.",Menlo Park,United States,,,,,,,31.13.65.52,instagram-p3-shv-01-atl3.fbcdn.net,1389.744,"AS32934 Facebook, Inc.",Atlanta,United States,,,,,,,,,,,,,,,,,,,,,,,,,,,,,,
hemelhempstead,uk,wifi,4,www.youtube.com,62.252.60.80,cpc3-stme1-3-0-cust80.cdif.cable.ntl.com,AS5089 Virgin Media Limited,London,United Kingdom,7,192.168.68.1,Unknown,7.897,,,,192.168.0.1,Unknown,9.643,,,,,,,,,,62.252.13.49,lutn-core-2a-xe-1014-0.network.virginmedia.net,18.061,AS5089 Virgin Media Limited,Luton,United Kingdom,,,,,,,,,,,,,62.254.84.158,Unknown,20.517,AS5089 Virgin Media Limited,London,United Kingdom,,,,,,,,,,,,,,,,,,,,,,,,,,,,,,,,,,,,,,,,,,,,,,,,,,,,,,,,,,,,,,,,,,,,,,,,
totnes,uk,wifi,4,www.youtube.com,212.1.144.80,212-1-144-80.dynamic.dsl.as9105.com,AS9105 TalkTalk Communications Limited,Enderby,United Kingdom,3,192.168.1.1,Unknown,11.276,,,,,,,,,,212.1.144.65,212-1-144-65.dynamic.dsl.as9105.com,19.987,AS9105 TalkTalk Communications Limited,Enderby,United Kingdom,,,,,,,,,,,,,,,,,,,,,,,,,,,,,,,,,,,,,,,,,,,,,,,,,,,,,,,,,,,,,,,,,,,,,,,,,,,,,,,,,,,,,,,,,,,,,,,,
bromsgrove,uk,4g,4,www.instagram.com,157.240.221.63,instagram-p3-shv-01-lhr8.fbcdn.net,"AS32934 Facebook, Inc.",London,United Kingdom,3,192.168.43.168,Unknown,1.956,,,,,,,,,,172.25.83.5,Unknown,96.415,,,,,,,,,,,,,,,,,,,,,,,,,,,,,,,,,,,,,,,,,,,,,,,,,,,,,,,,,,,,,,,,,,,,,,,,,,,,,,,,,,,,,,,,,,,,,,,,,,,
london,uk,wifi,4,www.instagram.com,157.240.1.52,Unknown,"AS32934 Facebook, Inc.",London,United Kingdom,10,192.168.0.1,Unknown,4.813,,,,10.30.28.1,Unknown,24.724,,,,213.104.22.45,hari-core-2b-xe-11018-0.network.virginmedia.net,13.518,AS5089 Virgin Media Limited,Harwich,United Kingdom,,,,,,,62.253.174.186,telw-ic-5-ae0-0.network.virginmedia.net,10.742,AS5089 Virgin Media Limited,London,United Kingdom,157.240.73.132,ae27.pr03.lhr3.tfbnw.net,12.194,"AS32934 Facebook, Inc.",Hanoi,Vietnam,157.240.33.12,po131.asw02.lhr6.tfbnw.net,45.043,"AS32934 Facebook, Inc.",Menlo Park,United States,129.134.40.43,Unknown,14.2,"AS32934 Facebook, Inc.",Washington,United States,157.240.38.125,Unknown,12.736,"AS32934 Facebook, Inc.",Menlo Park,United States,157.240.1.52,Unknown,17.775,"AS32934 Facebook, Inc.",London,United Kingdom,,,,,,,,,,,,,,,,,,,,,,,,,,,,,,,,,,,,,,,,,,,,,,,,,,,,,,
london,uk,wifi,4,www.youtube.com,62.252.60.80,cpc3-stme1-3-0-cust80.cdif.cable.ntl.com,AS5089 Virgin Media Limited,London,United Kingdom,5,192.168.8.1,Unknown,1.794,,,,10.86.236.1,Unknown,30.657,,,,62.252.115.193,brnt-core-2b-xe-221-0.network.virginmedia.net,11.986,AS5089 Virgin Media Limited,London,United Kingdom,,,,,,,62.254.84.158,Unknown,15.784,AS5089 Virgin Media Limited,London,United Kingdom,,,,,,,,,,,,,,,,,,,,,,,,,,,,,,,,,,,,,,,,,,,,,,,,,,,,,,,,,,,,,,,,,,,,,,,,,,,,,,,,,,,,
vancouver,canada,wifi,4,www.youtube.com,209.52.189.80,cache.google.com,AS852 TELUS Communications Inc.,Vancouver,Canada,3,192.168.1.254,Unknown,1.405,,,,10.27.162.1,Unknown,2.307,,,,96.1.213.244,Unknown,1.801,,Burnaby,Canada,,,,,,,,,,,,,,,,,,,,,,,,,,,,,,,,,,,,,,,,,,,,,,,,,,,,,,,,,,,,,,,,,,,,,,,,,,,,,,,,,,,,,,,,,,,,,,,,
london,uk,4g,4,www.instagram.com,157.240.1.52,Unknown,"AS32934 Facebook, Inc.",London,United Kingdom,3,172.20.10.1,Unknown,3.916,,,,,,,,,,172.20.197.5,Unknown,45.01,,,,,,,,,,,,,,,,,,,,,,,,,,,,,,,,,,,,,,,,,,,,,,,,,,,,,,,,,,,,,,,,,,,,,,,,,,,,,,,,,,,,,,,,,,,,,,,,,,,
london,uk,wifi,4,www.instagram.com,157.240.1.52,Unknown,"AS32934 Facebook, Inc.",London,United Kingdom,10,192.168.0.1,Unknown,4.609,,,,,,,,,,80.2.225.169,bmly-core-2b-xe-223-0.network.virginmedia.net,23.371,AS5089 Virgin Media Limited,Woking,United Kingdom,,,,,,,62.253.174.174,telw-ic-1-ae0-0.network.virginmedia.net,18.983,AS5089 Virgin Media Limited,London,United Kingdom,213.104.85.226,m482-mp2.cvx3-a.ltn.dial.ntli.net,24.369,AS5089 Virgin Media Limited,London,United Kingdom,129.134.45.54,po131.asw02.lhr3.tfbnw.net,16.36,"AS32934 Facebook, Inc.",Washington,United States,129.134.44.235,Unknown,25.723,"AS32934 Facebook, Inc.",Dallas,United States,157.240.38.85,Unknown,15.621,"AS32934 Facebook, Inc.",Menlo Park,United States,157.240.1.52,Unknown,18.38,"AS32934 Facebook, Inc.",London,United Kingdom,,,,,,,,,,,,,,,,,,,,,,,,,,,,,,,,,,,,,,,,,,,,,,,,,,,,,,
lecce,italy,wifi,4,www.youtube.com,74.125.99.170,Unknown,AS15169 Google LLC,Milan,Italy,12,192.168.1.1,Unknown,2.563,,,,192.168.51.10,Unknown,19.163,,,,192.168.51.9,Unknown,20.181,,,,10.177.21.201,Unknown,20.016,,,,,,,,,,,,,,,,,,,,,,185.210.48.3,Unknown,39.017,,Ivrea,Italy,,,,,,,108.170.232.180,Unknown,42.182,AS15169 Google LLC,Mountain View,United States,,,,,,,74.125.99.170,Unknown,40.929,AS15169 Google LLC,Milan,Italy,,,,,,,,,,,,,,,,,,,,,,,,,,,,,,,,,,,,,,,,,,
vancouver,canada,4g,4,www.youtube.com,209.52.189.80,cache.google.com,AS852 TELUS Communications Inc.,Vancouver,Canada,8,192.168.43.61,Unknown,1.665,,,,96.1.138.45,Unknown,39.881,,Burnaby,Canada,10.191.15.240,Unknown,24.444,,,,10.191.15.163,Unknown,52.144,,,,10.191.219.82,Unknown,19.369,,,,10.191.253.132,Unknown,40.131,,,,173.182.212.167,Unknown,17.109,,Burnaby,Canada,173.182.212.156,Unknown,22.602,,Des Moines,United States,,,,,,,,,,,,,,,,,,,,,,,,,,,,,,,,,,,,,,,,,,,,,,,,,,,,,,,,,,,,,,,,,,
maastricht,netherlands,4g,4,www.youtube.com,74.125.100.10,Unknown,AS15169 Google LLC,Amsterdam,Netherlands,10,192.168.43.1,Unknown,24.547,,,,,,,,,,,,,,,,,,,,,,,,,,,,84.241.225.42,Unknown,63.703,AS31615 T-mobile Netherlands B.V.,Amsterdam,Netherlands,72.14.196.142,Unknown,24.973,AS15169 Google LLC,Mountain View,United States,108.170.241.193,Unknown,24.092,AS15169 Google LLC,Mountain View,United States,216.239.51.171,Unknown,25.044,AS15169 Google LLC,Mountain View,United States,74.125.100.10,Unknown,23.939,AS15169 Google LLC,Amsterdam,Netherlands,,,,,,,,,,,,,,,,,,,,,,,,,,,,,,,,,,,,,,,,,,,,,,,,,,,,,,
hemelhempstead,uk,4g,6,www.youtube.com,2a01:4c8:f000:8e08::10,Unknown,AS12576 EE Limited,Hatfield,United Kingdom,10,2a01:4c8:64:c8b5:b843:2b7c:2262:bb24,Unknown,3.992,AS12576 EE Limited,London,United Kingdom,,,,,,,2a01:4c8:f800:837::,Unknown,52.446,AS12576 EE Limited,Hatfield,United Kingdom,2a01:4c8:f800:851::3,Unknown,35.481,AS12576 EE Limited,Hatfield,United Kingdom,2a01:4c8:f800:806::2,Unknown,23.776,AS12576 EE Limited,Hatfield,United Kingdom,,,,,,,2a01:4c8:f800:818::2,Unknown,48.9,AS12576 EE Limited,Hatfield,United Kingdom,2a01:4c8:f800:854::2,Unknown,30.49,AS12576 EE Limited,Hatfield,United Kingdom,2a01:4c8:f800:8060::2,Unknown,51.896,AS12576 EE Limited,Hatfield,United Kingdom,2a01:4c8:f800:80f0::2,Unknown,60.178,AS12576 EE Limited,Hatfield,United Kingdom,,,,,,,,,,,,,,,,,,,,,,,,,,,,,,,,,,,,,,,,,,,,,,,,,,,,,,
gland,switzerland,4g,4,www.youtube.com,90.255.254.176,Unknown,AS5378 Vodafone Limited,London,United Kingdom,8,172.20.10.1,Unknown,52.573,,,,,,,,,,192.168.172.44,Unknown,177.838,,,,192.168.172.60,Unknown,94.314,,,,192.168.172.94,Unknown,93.81,,,,,,,,,,172.20.85.105,Unknown,83.07,,,,63.130.104.202,Unknown,104.944,AS1273 Vodafone Group PLC,London,United Kingdom,,,,,,,,,,,,,,,,,,,,,,,,,,,,,,,,,,,,,,,,,,,,,,,,,,,,,,,,,,,,,,,,,,
brighton,uk,4g,4,www.instagram.com,157.240.1.52,Unknown,"AS32934 Facebook, Inc.",London,United Kingdom,1,192.168.44.1,Unknown,13.377,,,,,,,,,,,,,,,,,,,,,,,,,,,,,,,,,,,,,,,,,,,,,,,,,,,,,,,,,,,,,,,,,,,,,,,,,,,,,,,,,,,,,,,,,,,,,,,,,,,,,,,,,,,,,,,
amersfoort,netherlands,4g,4,www.instagram.com,157.240.201.63,instagram-p3-shv-01-ams4.fbcdn.net,"AS32934 Facebook, Inc.",Amsterdam,Netherlands,12,172.20.10.1,Unknown,10.326,,,,,,,,,,,,,,,,,,,,,,,,,,,,84.241.225.42,Unknown,44.453,AS31615 T-mobile Netherlands B.V.,Amsterdam,Netherlands,80.157.130.241,Unknown,49.754,AS3320 Deutsche Telekom AG,Hamburg,Germany,80.157.205.30,Unknown,56.308,AS3320 Deutsche Telekom AG,Nürnberg,Germany,157.240.57.242,Unknown,38.027,"AS32934 Facebook, Inc.",Menlo Park,United States,129.134.48.83,po213.psw04.ams4.tfbnw.net,37.888,"AS32934 Facebook, Inc.",Menlo Park,United States,173.252.67.181,Unknown,58.05,"AS32934 Facebook, Inc.",Menlo Park,United States,157.240.201.63,instagram-p3-shv-01-ams4.fbcdn.net,35.364,"AS32934 Facebook, Inc.",Amsterdam,Netherlands,,,,,,,,,,,,,,,,,,,,,,,,,,,,,,,,,,,,,,,,,,
santiago,chile,wifi,4,www.instagram.com,152.231.110.160,Unknown,AS27986 ENTEL CHILE S.A.,Santiago,Chile,6,10.0.0.1,Unknown,1.326,,,,192.168.100.1,Unknown,2.49,,,,186.67.248.20,Unknown,5.07,AS6471 ENTEL CHILE S.A.,Santiago,Chile,172.31.213.34,Unknown,13.027,,,,172.31.197.174,Unknown,6.197,,,,152.231.110.194,Unknown,5.122,AS27986 ENTEL CHILE S.A.,Santiago,Chile,,,,,,,,,,,,,,,,,,,,,,,,,,,,,,,,,,,,,,,,,,,,,,,,,,,,,,,,,,,,,,,,,,,,,,,,,,,,,,
neworleans,us,4g,4,www.youtube.com,198.70.10.80,Unknown,AS1239 Sprint,Kansas City,United States,6,172.20.10.1,Unknown,2.223,,,,66.1.77.39,Unknown,43.851,AS3651 Sprint,Houston,United States,,,,,,,66.1.79.1,Unknown,47.339,,Atlantic City,United States,144.228.11.45,sl-crs1-hou-be10.sprintlink.net,75.045,AS1239 Sprint,Houston,United States,144.232.23.29,sl-mpe71-hou-be100.sprintlink.net,42.009,AS1239 Sprint,Baltimore,United States,,,,,,,,,,,,,,,,,,,,,,,,,,,,,,,,,,,,,,,,,,,,,,,,,,,,,,,,,,,,,,,,,,,,,,,,,,,,,,
amersfoort,netherlands,wifi,4,www.instagram.com,157.240.201.63,instagram-p3-shv-01-ams4.fbcdn.net,"AS32934 Facebook, Inc.",Amsterdam,Netherlands,8,192.168.1.1,Unknown,2.104,,,,31.201.2.1,1-2-201-31.ftth.glasoperator.nl,5.36,AS50266 tmobile thuis,Amsterdam,Netherlands,10.10.80.98,Unknown,10.529,,,,80.249.212.175,Unknown,10.774,,Amsterdam,Netherlands,31.13.29.72,po131.asw02.ams2.tfbnw.net,10.155,"AS32934 Facebook, Inc.",Moscow,Russia,129.134.48.53,po226.psw03.ams4.tfbnw.net,10.189,"AS32934 Facebook, Inc.",Menlo Park,United States,157.240.38.175,Unknown,10.302,"AS32934 Facebook, Inc.",Menlo Park,United States,157.240.201.63,instagram-p3-shv-01-ams4.fbcdn.net,10.132,"AS32934 Facebook, Inc.",Amsterdam,Netherlands,,,,,,,,,,,,,,,,,,,,,,,,,,,,,,,,,,,,,,,,,,,,,,,,,,,,,,,,,,,,,,,,,,
london,uk,4g,4,www.instagram.com,157.240.1.52,Unknown,"AS32934 Facebook, Inc.",London,United Kingdom,16,192.168.43.1,Unknown,1.723,,,,,,,,,,10.142.65.173,Unknown,39.825,,,,10.142.233.242,Unknown,42.721,,,,10.142.234.146,Unknown,27.776,,,,,,,,,,10.142.234.209,Unknown,36.774,,,,10.142.233.233,Unknown,37.994,,,,10.142.68.38,Unknown,219.539,,,,,,,,,,212.43.163.198,tcl3-ic-1-ae0-0.network.virginmedia.net,41.061,,Reading,United Kingdom,213.104.85.238,Unknown,48.504,AS5089 Virgin Media Limited,London,United Kingdom,129.134.44.204,po161.asw01.lhr3.tfbnw.net,68.87,"AS32934 Facebook, Inc.",Dallas,United States,129.134.44.241,Unknown,48.794,"AS32934 Facebook, Inc.",Dallas,United States,173.252.67.61,Unknown,56.875,"AS32934 Facebook, Inc.",Menlo Park,United States,157.240.1.52,Unknown,42.584,"AS32934 Facebook, Inc.",London,United Kingdom,,,,,,,,,,,,,,,,,,
london,uk,4g,4,www.youtube.com,173.194.139.10,Unknown,AS15169 Google LLC,Mountain View,United States,3,172.20.10.1,Unknown,117.672,,,,,,,,,,172.19.70.1,Unknown,35.526,,,,,,,,,,,,,,,,,,,,,,,,,,,,,,,,,,,,,,,,,,,,,,,,,,,,,,,,,,,,,,,,,,,,,,,,,,,,,,,,,,,,,,,,,,,,,,,,,,,
espoo,finland,4g,6,www.instagram.com,2001:14b8:1800:403:face:b00c:3333:a3f,Unknown,AS16086 DNA Oyj,Virtasalmi,Finland,7,2001:14bb:51:833d:c52e:2439:ae26:46d2,Unknown,9.148,AS16086 DNA Oyj,Turku,Finland,,,,,,,2001:14b8:1040:104::11:0,Unknown,313.168,AS16086 DNA Oyj,Virtasalmi,Finland,2001:14b8:1040:0:3e4e:6400::,Unknown,28.526,AS16086 DNA Oyj,Virtasalmi,Finland,2001:14b8:1040:0:3e4e:6404::,Unknown,32.948,AS16086 DNA Oyj,Virtasalmi,Finland,2001:14b8:1800:402::1,Unknown,31.025,AS16086 DNA Oyj,Virtasalmi,Finland,2001:14b8:1800:402::c,Unknown,377.732,AS16086 DNA Oyj,Virtasalmi,Finland,,,,,,,,,,,,,,,,,,,,,,,,,,,,,,,,,,,,,,,,,,,,,,,,,,,,,,,,,,,,,,,,,,,,,,,,
london,uk,wifi,4,www.youtube.com,62.252.60.80,cpc3-stme1-3-0-cust80.cdif.cable.ntl.com,AS5089 Virgin Media Limited,London,United Kingdom,6,192.168.0.1,Unknown,3.136,,,,,,,,,,62.252.114.5,hari-core-2a-xe-232-0.network.virginmedia.net,21.945,AS5089 Virgin Media Limited,Harwich,United Kingdom,,,,,,,,,,,,,62.254.84.158,Unknown,12.395,AS5089 Virgin Media Limited,London,United Kingdom,,,,,,,,,,,,,,,,,,,,,,,,,,,,,,,,,,,,,,,,,,,,,,,,,,,,,,,,,,,,,,,,,,,,,,,,,,,,,,
totnes,uk,wifi,4,www.instagram.com,62.24.180.96,host-62-24-180-96.as13285.net,AS13285 TalkTalk Communications Limited,Ashbourne,United Kingdom,4,192.168.1.1,Unknown,1.121,,,,,,,,,,62.24.157.246,host-62-24-157-246.as13285.net,39.581,AS13285 TalkTalk Communications Limited,Newhaven,United Kingdom,62.24.157.247,host-62-24-157-247.as13285.net,18.409,AS13285 TalkTalk Communications Limited,Newhaven,United Kingdom,,,,,,,,,,,,,,,,,,,,,,,,,,,,,,,,,,,,,,,,,,,,,,,,,,,,,,,,,,,,,,,,,,,,,,,,,,,,,,,,,,,,,,,,,,
valencia,spain,4g,4,www.instagram.com,31.13.83.52,instagram-p3-shv-01-mad1.fbcdn.net,"AS32934 Facebook, Inc.",Madrid,Spain,18,192.168.43.163,Unknown,2.105,,,,,,,,,,10.22.60.105,Unknown,59.014,,,,10.22.60.106,Unknown,23.335,,,,,,,,,,10.25.64.161,Unknown,115.549,,,,10.25.246.185,Unknown,26.971,,,,172.30.84.241,Unknown,30.321,,,,172.30.84.240,Unknown,29.398,,,,,,,,,,,,,,,,,,,,,,81.46.7.78,78.red-81-46-7.customer.static.ccgg.telefonica.net,129.272,AS3352 TELEFONICA DE ESPANA,Madrid,Spain,,,,,,,,,,,,,176.52.253.213,Unknown,60.254,AS12956 TELEFONICA GLOBAL SOLUTIONS SL,Madrid,Spain,157.240.40.227,po103.psw04.mad1.tfbnw.net,31.592,"AS32934 Facebook, Inc.",Washington,United States,31.13.83.52,instagram-p3-shv-01-mad1.fbcdn.net,43.207,"AS32934 Facebook, Inc.",Madrid,Spain,,,,,,
cambridge,canada,4g,4,www.instagram.com,207.219.36.97,Unknown,AS852 TELUS Communications Inc.,Plattsburgh,United States,10,172.20.10.1,Unknown,3.404,,,,96.1.138.13,Unknown,92.791,,Burnaby,Canada,10.183.15.240,Unknown,68.249,,,,10.183.15.163,Unknown,53.697,,,,10.183.219.82,Unknown,65.752,,,,10.183.253.132,Unknown,40.584,,,,96.1.223.169,Unknown,199.387,,Middletown,United States,75.153.128.213,Unknown,211.922,,Burnaby,Canada,75.153.128.213,Unknown,99.636,,Burnaby,Canada,207.34.240.141,Unknown,87.937,AS852 TELUS Communications Inc.,Sainte-Julienne,Canada,,,,,,,,,,,,,,,,,,,,,,,,,,,,,,,,,,,,,,,,,,,,,,,,,,,,,,
maastricht,netherlands,wifi,4,www.instagram.com,157.240.201.63,instagram-p3-shv-01-ams4.fbcdn.net,"AS32934 Facebook, Inc.",Amsterdam,Netherlands,9,192.168.0.1,Unknown,1.558,,,,192.168.178.1,Unknown,3.504,,,,213.51.1.123,asd-tr0021-cr141-sys.core.as33915.net,18.186,AS33915 Vodafone Libertel B.V.,Amsterdam,Netherlands,213.51.7.104,asd-tr0021-cr101-be51.core.as33915.net,31.682,AS33915 Vodafone Libertel B.V.,Amsterdam,Netherlands,103.4.99.52,ae0.pr04.ams3.tfbnw.net,29.568,"AS32934 Facebook, Inc.",Amsterdam,Netherlands,204.15.20.216,po121.asw02.ams3.tfbnw.net,52.112,"AS32934 Facebook, Inc.",New York City,United States,129.134.47.237,po246.psw01.ams4.tfbnw.net,16.066,"AS32934 Facebook, Inc.",Seattle,United States,173.252.67.9,Unknown,23.663,"AS32934 Facebook, Inc.",Menlo Park,United States,157.240.201.63,instagram-p3-shv-01-ams4.fbcdn.net,17.241,"AS32934 Facebook, Inc.",Amsterdam,Netherlands,,,,,,,,,,,,,,,,,,,,,,,,,,,,,,,,,,,,,,,,,,,,,,,,,,,,,,,,,,,,
cambridge,uk,wifi,4,www.instagram.com,157.240.1.52,Unknown,"AS32934 Facebook, Inc.",London,United Kingdom,8,192.168.0.1,Unknown,3.374,,,,,,,,,,89.200.132.110,be391.pr2.thlon.isp.sky.com,12.672,,London,United Kingdom,2.127.241.149,027ff195.bb.sky.com,10.292,AS5607 Sky UK Limited,London,United Kingdom,129.134.45.52,Unknown,13.279,"AS32934 Facebook, Inc.",Washington,United States,129.134.44.217,Unknown,13.4,"AS32934 Facebook, Inc.",Dallas,United States,157.240.38.81,Unknown,14.089,"AS32934 Facebook, Inc.",Menlo Park,United States,157.240.1.52,Unknown,16.109,"AS32934 Facebook, Inc.",London,United Kingdom,,,,,,,,,,,,,,,,,,,,,,,,,,,,,,,,,,,,,,,,,,,,,,,,,,,,,,,,,,,,,,,,,,
espoo,finland,4g,6,www.youtube.com,2001:14b8:1800:101::10,Unknown,AS16086 DNA Oyj,Virtasalmi,Finland,4,2001:14bb:51:833d:c52e:2439:ae26:46d2,Unknown,35.303,AS16086 DNA Oyj,Turku,Finland,,,,,,,2001:14b8:1040:104::11:0,Unknown,102.382,AS16086 DNA Oyj,Virtasalmi,Finland,2001:14b8:1040:0:3e4e:6400::,Unknown,40.398,AS16086 DNA Oyj,Virtasalmi,Finland,,,,,,,,,,,,,,,,,,,,,,,,,,,,,,,,,,,,,,,,,,,,,,,,,,,,,,,,,,,,,,,,,,,,,,,,,,,,,,,,,,,,,,,,,,
eastpeoria,us,4g,4,www.youtube.com,198.70.68.208,Unknown,AS1239 Sprint,Chicago,United States,5,192.168.43.1,Unknown,3.719,,,,68.29.26.3,Unknown,307.861,AS3651 Sprint,Chicago,United States,,,,,,,68.29.27.1,Unknown,460.535,AS3651 Sprint,Chicago,United States,144.223.32.5,sl-crs1-chi-be250.sprintlink.net,655.762,AS1239 Sprint,Chicago,United States,,,,,,,,,,,,,,,,,,,,,,,,,,,,,,,,,,,,,,,,,,,,,,,,,,,,,,,,,,,,,,,,,,,,,,,,,,,,,,,,,,,,
schofflisdorf,switzerland,wifi,4,www.youtube.com,195.112.88.176,Unknown,AS6730 Sunrise Communications AG,Zürich,Switzerland,7,192.168.1.1,Unknown,1.618,,,,,,,,,,10.200.102.161,Unknown,27.244,,,,10.200.102.66,Unknown,38.668,,,,212.161.142.13,Unknown,29.288,AS6730 Sunrise Communications AG,Zürich,Switzerland,,,,,,,212.161.247.129,zur01pe20.100ge2-0-0.bb.sunrise.net,35.529,AS6730 Sunrise Communications AG,Zürich,Switzerland,,,,,,,,,,,,,,,,,,,,,,,,,,,,,,,,,,,,,,,,,,,,,,,,,,,,,,,,,,,,,,,,,,,,,,,,
neworleans,us,wifi,4,www.instagram.com,31.13.65.52,instagram-p3-shv-01-atl3.fbcdn.net,"AS32934 Facebook, Inc.",Atlanta,United States,9,192.168.0.1,Unknown,3.38,,,,10.125.64.1,Unknown,52.635,,,,100.122.126.130,Unknown,12.31,,,,100.122.125.86,Unknown,22.194,,,,68.1.2.29,mtc3dsrj01-ge708.103.rd.ok.cox.net,39.993,AS22773 Cox Communications Inc.,Macon,United States,157.240.68.186,ae6.pr05.atl1.tfbnw.net,36.137,"AS32934 Facebook, Inc.",Atlanta,United States,74.119.79.195,po105.psw04.atl3.tfbnw.net,28.01,"AS32934 Facebook, Inc.",Atlanta,United States,173.252.67.191,Unknown,39.354,"AS32934 Facebook, Inc.",Menlo Park,United States,31.13.65.52,instagram-p3-shv-01-atl3.fbcdn.net,39.057,"AS32934 Facebook, Inc.",Atlanta,United States,,,,,,,,,,,,,,,,,,,,,,,,,,,,,,,,,,,,,,,,,,,,,,,,,,,,,,,,,,,,
totnes,uk,4g,4,www.youtube.com,173.194.139.10,Unknown,AS15169 Google LLC,Mountain View,United States,3,172.20.10.1,Unknown,2.192,,,,,,,,,,172.17.69.5,Unknown,172.327,,,,,,,,,,,,,,,,,,,,,,,,,,,,,,,,,,,,,,,,,,,,,,,,,,,,,,,,,,,,,,,,,,,,,,,,,,,,,,,,,,,,,,,,,,,,,,,,,,,
lecce,italy,wifi,4,www.instagram.com,91.81.218.98,Unknown,AS30722 Vodafone Italia S.p.A.,Milan,Italy,6,192.168.1.1,Unknown,2.133,,,,192.168.51.10,Unknown,20.267,,,,192.168.51.9,Unknown,19.674,,,,10.177.21.201,Unknown,19.403,,,,,,,,,,91.81.218.251,Unknown,19.437,AS30722 Vodafone Italia S.p.A.,Milan,Italy,,,,,,,,,,,,,,,,,,,,,,,,,,,,,,,,,,,,,,,,,,,,,,,,,,,,,,,,,,,,,,,,,,,,,,,,,,,,,,
perth,australia,wifi,6,www.instagram.com,2406:3400:282:1:face:b00c:3333:a3f,Unknown,AS10143 Exetel Pty Ltd,The Rocks,Australia,5,2406:3400:600:68:fdd7:dced:c5f1:392a,Unknown,3.619,AS10143 Exetel Pty Ltd,Quinns Rocks,Australia,2406:3400:80:11::1,Unknown,17.178,AS10143 Exetel Pty Ltd,The Rocks,Australia,,,,,,,2406:3400:0:3::2,Unknown,66.276,AS10143 Exetel Pty Ltd,The Rocks,Australia,2406:3400:280:1::2,Unknown,60.498,AS10143 Exetel Pty Ltd,The Rocks,Australia,,,,,,,,,,,,,,,,,,,,,,,,,,,,,,,,,,,,,,,,,,,,,,,,,,,,,,,,,,,,,,,,,,,,,,,,,,,,,,,,,,,,
london,uk,wifi,4,www.instagram.com,157.240.1.52,Unknown,"AS32934 Facebook, Inc.",London,United Kingdom,10,192.168.1.1,Unknown,1.871,,,,192.168.0.1,Unknown,1.975,,,,212.9.102.129,no-dns-yet.as25178.net,2.528,AS25178 Optify Mediaforce Limited,London,United Kingdom,109.246.20.17,no-dns-yet.as25178.net,8.813,AS25178 Optify Mediaforce Limited,London,United Kingdom,109.246.30.2,no-dns-yet.as25178.net,9.347,AS25178 Optify Mediaforce Limited,London,United Kingdom,157.240.68.150,ae1.pr04.lhr3.tfbnw.net,2.506,"AS32934 Facebook, Inc.",Chicago,United States,129.134.45.56,po141.asw01.lhr3.tfbnw.net,2.22,"AS32934 Facebook, Inc.",Washington,United States,129.134.44.217,Unknown,2.775,"AS32934 Facebook, Inc.",Dallas,United States,173.252.67.29,Unknown,2.892,"AS32934 Facebook, Inc.",Menlo Park,United States,157.240.1.52,Unknown,3.049,"AS32934 Facebook, Inc.",London,United Kingdom,,,,,,,,,,,,,,,,,,,,,,,,,,,,,,,,,,,,,,,,,,,,,,,,,,,,,,
gland,switzerland,wifi,6,www.youtube.com,2001:918:ffaa:2::10,Unknown,AS3303 Swisscom (Schweiz) AG,Bolligen,Switzerland,0,,,,,,,,,,,,,,,,,,,,,,,,,,,,,,,,,,,,,,,,,,,,,,,,,,,,,,,,,,,,,,,,,,,,,,,,,,,,,,,,,,,,,,,,,,,,,,,,,,,,,,,,,,,,,,,,,,
london,uk,4g,4,www.youtube.com,173.194.183.138,Unknown,AS15169 Google LLC,London,United Kingdom,13,192.168.43.1,Unknown,2.283,,,,,,,,,,10.248.27.149,Unknown,70.116,,,,10.247.84.165,Unknown,119.422,,,,,,,,,,10.247.84.193,Unknown,329.77,,,,10.247.84.182,Unknown,30.169,,,,87.237.20.106,Unknown,307.789,AS12576 EE Limited,London,United Kingdom,87.237.20.75,Unknown,30.138,AS12576 EE Limited,London,United Kingdom,72.14.242.70,Unknown,158.148,AS15169 Google LLC,Mountain View,United States,108.170.246.129,Unknown,148.978,AS15169 Google LLC,Mountain View,United States,108.170.230.157,Unknown,19.663,AS15169 Google LLC,Mountain View,United States,173.194.183.138,Unknown,124.574,AS15169 Google LLC,London,United Kingdom,,,,,,,,,,,,,,,,,,,,,,,,,,,,,,,,,,,,
london,uk,wifi,6,www.instagram.com,2a03:2880:f229:c4:face:b00c:0:43fe,Unknown,"AS32934 Facebook, Inc.",London,United Kingdom,8,2a02:c7f:d44f:2600::1,Unknown,9.615,AS5607 Sky UK Limited,London,United Kingdom,,,,,,,2a02:c7a:4:ffff::291,Unknown,8.83,AS5607 Sky UK Limited,London,United Kingdom,,,,,,,2620:0:1cff:dead:beef::14dc,Unknown,9.312,"AS32934 Facebook, Inc.",Menlo Park,United States,2620:0:1cff:dead:beef::3a95,Unknown,8.268,"AS32934 Facebook, Inc.",Menlo Park,United States,2a03:2880:f029:ffff::ad,Unknown,9.048,"AS32934 Facebook, Inc.",London,United Kingdom,2a03:2880:f229:c4:face:b00c:0:43fe,Unknown,8.016,"AS32934 Facebook, Inc.",London,United Kingdom,,,,,,,,,,,,,,,,,,,,,,,,,,,,,,,,,,,,,,,,,,,,,,,,,,,,,,,,,,,,,,,,,,
carmarthen,uk,4g,4,www.youtube.com,173.194.183.138,Unknown,AS15169 Google LLC,London,United Kingdom,1,172.20.10.1,Unknown,2.265,,,,,,,,,,,,,,,,,,,,,,,,,,,,,,,,,,,,,,,,,,,,,,,,,,,,,,,,,,,,,,,,,,,,,,,,,,,,,,,,,,,,,,,,,,,,,,,,,,,,,,,,,,,,,,,
bourneend,uk,wifi,4,www.instagram.com,109.144.6.224,Unknown,AS2856 British Telecommunications PLC,London,United Kingdom,7,192.168.1.254,Unknown,1.838,,,,,,,,,,,,,,,,81.139.58.172,Unknown,8.432,AS2856 British Telecommunications PLC,London,United Kingdom,213.121.192.76,core1-hu0-6-0-8.southbank.ukcore.bt.net,8.576,AS2856 British Telecommunications PLC,London,United Kingdom,195.99.127.47,Unknown,8.387,AS2856 British Telecommunications PLC,London,United Kingdom,109.159.157.69,Unknown,8.762,AS2856 British Telecommunications PLC,London,United Kingdom,,,,,,,,,,,,,,,,,,,,,,,,,,,,,,,,,,,,,,,,,,,,,,,,,,,,,,,,,,,,,,,,,,,,,,,,
carmarthen,uk,wifi,4,www.instagram.com,157.240.1.52,Unknown,"AS32934 Facebook, Inc.",London,United Kingdom,8,192.168.0.1,Unknown,3.275,,,,,,,,,,89.200.133.196,be400.pr2.hobir.isp.sky.com,15.844,,Birmingham,United Kingdom,2.127.241.149,027ff195.bb.sky.com,22.649,AS5607 Sky UK Limited,London,United Kingdom,129.134.45.54,po131.asw02.lhr3.tfbnw.net,14.232,"AS32934 Facebook, Inc.",Washington,United States,129.134.45.17,Unknown,14.889,"AS32934 Facebook, Inc.",Washington,United States,157.240.38.213,Unknown,14.731,"AS32934 Facebook, Inc.",Menlo Park,United States,157.240.1.52,Unknown,14.479,"AS32934 Facebook, Inc.",London,United Kingdom,,,,,,,,,,,,,,,,,,,,,,,,,,,,,,,,,,,,,,,,,,,,,,,,,,,,,,,,,,,,,,,,,,
london,uk,wifi,4,www.instagram.com,157.240.221.63,instagram-p3-shv-01-lhr8.fbcdn.net,"AS32934 Facebook, Inc.",London,United Kingdom,10,192.168.8.1,Unknown,2.138,,,,10.86.236.1,Unknown,14.703,,,,62.252.72.225,brnt-core-2a-xe-221-0.network.virginmedia.net,11.447,AS5089 Virgin Media Limited,London,United Kingdom,,,,,,,62.253.174.174,telw-ic-1-ae0-0.network.virginmedia.net,24.666,AS5089 Virgin Media Limited,London,United Kingdom,157.240.65.124,ae13.pr04.lhr3.tfbnw.net,13.977,"AS32934 Facebook, Inc.",New York City,United States,129.134.45.58,po141.asw02.lhr3.tfbnw.net,10.526,"AS32934 Facebook, Inc.",Washington,United States,129.134.42.71,po262.psw02.lhr8.tfbnw.net,12.952,"AS32934 Facebook, Inc.",Seattle,United States,157.240.38.129,Unknown,11.116,"AS32934 Facebook, Inc.",Menlo Park,United States,157.240.221.63,instagram-p3-shv-01-lhr8.fbcdn.net,27.709,"AS32934 Facebook, Inc.",London,United Kingdom,,,,,,,,,,,,,,,,,,,,,,,,,,,,,,,,,,,,,,,,,,,,,,,,,,,,,,
bourneend,uk,wifi,4,www.youtube.com,86.189.112.16,Unknown,AS2856 British Telecommunications PLC,London,United Kingdom,4,192.168.1.254,Unknown,1.61,,,,,,,,,,81.130.98.14,Unknown,6.378,AS2856 British Telecommunications PLC,London,United Kingdom,81.130.98.15,Unknown,7.064,AS2856 British Telecommunications PLC,London,United Kingdom,,,,,,,,,,,,,,,,,,,,,,,,,,,,,,,,,,,,,,,,,,,,,,,,,,,,,,,,,,,,,,,,,,,,,,,,,,,,,,,,,,,,,,,,,,
santiago,chile,4g,4,www.instagram.com,152.231.110.160,Unknown,AS27986 ENTEL CHILE S.A.,Santiago,Chile,11,172.20.10.1,Unknown,84.83,,,,,,,,,,,,,,,,172.25.238.75,Unknown,30.404,,,,,,,,,,,,,,,,10.170.115.202,Unknown,30.799,,,,172.31.213.30,Unknown,26.265,,,,172.31.197.137,Unknown,27.582,,,,172.31.197.174,Unknown,20.544,,,,152.231.110.194,Unknown,23.52,AS27986 ENTEL CHILE S.A.,Santiago,Chile,,,,,,,,,,,,,,,,,,,,,,,,,,,,,,,,,,,,,,,,,,,,,,,,
totnes,uk,4g,4,www.instagram.com,157.240.1.52,Unknown,"AS32934 Facebook, Inc.",London,United Kingdom,3,172.20.10.1,Unknown,2.079,,,,,,,,,,172.17.69.5,Unknown,59.836,,,,,,,,,,,,,,,,,,,,,,,,,,,,,,,,,,,,,,,,,,,,,,,,,,,,,,,,,,,,,,,,,,,,,,,,,,,,,,,,,,,,,,,,,,,,,,,,,,,
london,uk,4g,4,www.youtube.com,173.194.139.10,Unknown,AS15169 Google LLC,Mountain View,United States,3,172.20.10.1,Unknown,3.58,,,,,,,,,,172.20.197.1,Unknown,190.203,,,,,,,,,,,,,,,,,,,,,,,,,,,,,,,,,,,,,,,,,,,,,,,,,,,,,,,,,,,,,,,,,,,,,,,,,,,,,,,,,,,,,,,,,,,,,,,,,,,
brighton,uk,4g,4,www.youtube.com,173.194.183.138,Unknown,AS15169 Google LLC,London,United Kingdom,1,192.168.44.1,Unknown,36.295,,,,,,,,,,,,,,,,,,,,,,,,,,,,,,,,,,,,,,,,,,,,,,,,,,,,,,,,,,,,,,,,,,,,,,,,,,,,,,,,,,,,,,,,,,,,,,,,,,,,,,,,,,,,,,,
valencia,spain,wifi,4,www.instagram.com,31.13.83.52,instagram-p3-shv-01-mad1.fbcdn.net,"AS32934 Facebook, Inc.",Madrid,Spain,11,192.168.0.1,Unknown,74.606,,,,192.168.1.1,Unknown,3.277,,,,81.46.38.46,46.red-81-46-38.customer.static.ccgg.telefonica.net,4.275,AS3352 TELEFONICA DE ESPANA,Madrid,Spain,81.46.68.237,237.red-81-46-68.customer.static.ccgg.telefonica.net,108.096,AS3352 TELEFONICA DE ESPANA,Madrid,Spain,81.46.69.25,25.red-81-46-69.customer.static.ccgg.telefonica.net,9.956,AS3352 TELEFONICA DE ESPANA,Bayeux,France,80.58.83.238,238.red-80-58-83.staticip.rima-tde.net,8.045,AS3352 TELEFONICA DE ESPANA,Arcachon,France,216.184.113.182,gramadix2-ae10.net.telefonicaglobalsolutions.com,148.465,AS12956 TELEFONICA GLOBAL SOLUTIONS SL,San Salvador,El Salvador,176.52.253.213,Unknown,10.042,AS12956 TELEFONICA GLOBAL SOLUTIONS SL,Madrid,Spain,157.240.47.117,po106.psw04.mad1.tfbnw.net,8.761,"AS32934 Facebook, Inc.",Seattle,United States,173.252.67.189,Unknown,141.694,"AS32934 Facebook, Inc.",Menlo Park,United States,31.13.83.52,instagram-p3-shv-01-mad1.fbcdn.net,13.794,"AS32934 Facebook, Inc.",Madrid,Spain,,,,,,,,,,,,,,,,,,,,,,,,,,,,,,,,,,,,,,,,,,,,,,,,
london,uk,wifi,4,www.youtube.com,62.253.72.144,144.72-253-62.static.virginmediabusiness.co.uk,AS5089 Virgin Media Limited,London,United Kingdom,5,192.168.0.1,Unknown,3.464,,,,,,,,,,80.2.225.169,bmly-core-2b-xe-223-0.network.virginmedia.net,17.892,AS5089 Virgin Media Limited,Woking,United Kingdom,,,,,,,62.252.84.109,brnt-icdn-1-ae9-0.network.virginmedia.net,28.515,AS5089 Virgin Media Limited,Northampton,United Kingdom,,,,,,,,,,,,,,,,,,,,,,,,,,,,,,,,,,,,,,,,,,,,,,,,,,,,,,,,,,,,,,,,,,,,,,,,,,,,,,,,,,,,
london,uk,4g,4,www.instagram.com,157.240.1.52,Unknown,"AS32934 Facebook, Inc.",London,United Kingdom,3,172.20.10.1,Unknown,2.014,,,,,,,,,,172.20.197.5,Unknown,35.979,,,,,,,,,,,,,,,,,,,,,,,,,,,,,,,,,,,,,,,,,,,,,,,,,,,,,,,,,,,,,,,,,,,,,,,,,,,,,,,,,,,,,,,,,,,,,,,,,,,
espoo,finland,wifi,6,www.youtube.com,2001:14b8:1800:101::10,Unknown,AS16086 DNA Oyj,Virtasalmi,Finland,6,2001:14bb:491:d6:a693:3fff:fe15:699,Unknown,1.977,AS16086 DNA Oyj,Loimaa,Finland,,,,,,,2001:14b8:1040:104::f9:0,Unknown,27.043,AS16086 DNA Oyj,Virtasalmi,Finland,2001:14b8:1040:0:3e4e:641e::,Unknown,23.827,AS16086 DNA Oyj,Virtasalmi,Finland,,,,,,,2001:14b8:1800:200::5:1,Unknown,25.06,AS16086 DNA Oyj,Virtasalmi,Finland,,,,,,,,,,,,,,,,,,,,,,,,,,,,,,,,,,,,,,,,,,,,,,,,,,,,,,,,,,,,,,,,,,,,,,,,,,,,,,
london,uk,4g,4,www.youtube.com,173.194.183.138,Unknown,AS15169 Google LLC,London,United Kingdom,3,172.20.10.1,Unknown,1.887,,,,,,,,,,172.20.197.1,Unknown,49.312,,,,,,,,,,,,,,,,,,,,,,,,,,,,,,,,,,,,,,,,,,,,,,,,,,,,,,,,,,,,,,,,,,,,,,,,,,,,,,,,,,,,,,,,,,,,,,,,,,,
lecce,italy,4g,4,www.instagram.com,31.13.86.52,instagram-p3-shv-01-mxp1.fbcdn.net,"AS32934 Facebook, Inc.",Milan,Italy,13,172.20.10.1,Unknown,1.182,,,,,,,,,,10.133.14.73,Unknown,54.735,,,,10.133.14.14,Unknown,42.861,,,,10.133.14.236,Unknown,58.122,,,,10.133.14.1,Unknown,49.703,,,,10.176.18.118,Unknown,68.232,,,,83.224.40.197,Unknown,41.556,,Frutigen,Switzerland,83.224.40.217,Unknown,49.801,,Frutigen,Switzerland,157.240.64.210,ae13.pr01.mxp1.tfbnw.net,51.793,"AS32934 Facebook, Inc.",Seattle,United States,157.240.46.37,po101.psw01.mxp1.tfbnw.net,65.947,"AS32934 Facebook, Inc.",New York City,United States,173.252.67.11,Unknown,52.075,"AS32934 Facebook, Inc.",Menlo Park,United States,31.13.86.52,instagram-p3-shv-01-mxp1.fbcdn.net,52.433,"AS32934 Facebook, Inc.",Milan,Italy,,,,,,,,,,,,,,,,,,,,,,,,,,,,,,,,,,,,
amersfoort,netherlands,wifi,4,www.youtube.com,37.143.85.76,76-85-143-37.ggc1.glasoperator.nl,AS50266 tmobile thuis,Amsterdam,Netherlands,3,192.168.1.1,Unknown,2.849,,,,31.201.2.1,1-2-201-31.ftth.glasoperator.nl,5.501,AS50266 tmobile thuis,Amsterdam,Netherlands,10.10.80.149,Unknown,10.233,,,,,,,,,,,,,,,,,,,,,,,,,,,,,,,,,,,,,,,,,,,,,,,,,,,,,,,,,,,,,,,,,,,,,,,,,,,,,,,,,,,,,,,,,,,,,,,,,,,
brighton,uk,wifi,4,www.youtube.com,62.253.72.144,144.72-253-62.static.virginmediabusiness.co.uk,AS5089 Virgin Media Limited,London,United Kingdom,6,192.168.1.1,Unknown,1.555,,,,192.168.0.1,Unknown,3.115,,,,,,,,,,80.3.64.89,brig-core-2a-xe-804-0.network.virginmedia.net,18.577,AS5089 Virgin Media Limited,Brighton,United Kingdom,,,,,,,62.252.84.109,brnt-icdn-1-ae9-0.network.virginmedia.net,23.083,AS5089 Virgin Media Limited,Northampton,United Kingdom,,,,,,,,,,,,,,,,,,,,,,,,,,,,,,,,,,,,,,,,,,,,,,,,,,,,,,,,,,,,,,,,,,,,,,,,,,,,,,
london,uk,4g,4,www.instagram.com,157.240.221.63,instagram-p3-shv-01-lhr8.fbcdn.net,"AS32934 Facebook, Inc.",London,United Kingdom,14,192.168.43.1,Unknown,2.153,,,,,,,,,,10.248.27.149,Unknown,40.095,,,,10.247.84.165,Unknown,34.633,,,,,,,,,,10.247.84.193,Unknown,131.148,,,,10.247.84.182,Unknown,496.925,,,,87.237.20.106,Unknown,503.578,AS12576 EE Limited,London,United Kingdom,87.237.20.75,Unknown,129.555,AS12576 EE Limited,London,United Kingdom,157.240.64.32,ae2.pr04.lcy2.tfbnw.net,168.888,"AS32934 Facebook, Inc.",New York City,United States,31.13.31.246,Unknown,30.38,"AS32934 Facebook, Inc.",Moscow,Russia,129.134.41.221,po214.psw01.lhr8.tfbnw.net,19.542,"AS32934 Facebook, Inc.",New York City,United States,157.240.38.67,Unknown,20.57,"AS32934 Facebook, Inc.",Menlo Park,United States,157.240.221.63,instagram-p3-shv-01-lhr8.fbcdn.net,28.101,"AS32934 Facebook, Inc.",London,United Kingdom,,,,,,,,,,,,,,,,,,,,,,,,,,,,,,
bromsgrove,uk,wifi,6,www.youtube.com,2a02:c7a:8000:f102::10,Unknown,AS5607 Sky UK Limited,London,United Kingdom,2,2a02:c7f:727f:100::1,Unknown,5.813,AS5607 Sky UK Limited,Dudley,United Kingdom,2a02:c79:2::328,Unknown,18.694,AS5607 Sky UK Limited,London,United Kingdom,,,,,,,,,,,,,,,,,,,,,,,,,,,,,,,,,,,,,,,,,,,,,,,,,,,,,,,,,,,,,,,,,,,,,,,,,,,,,,,,,,,,,,,,,,,,,,,,,,,,,,
london,uk,wifi,4,www.youtube.com,109.246.35.108,no-dns-yet.as25178.net,AS25178 Optify Mediaforce Limited,London,United Kingdom,6,192.168.1.1,Unknown,2.819,,,,192.168.0.1,Unknown,2.03,,,,212.9.102.129,no-dns-yet.as25178.net,9.576,AS25178 Optify Mediaforce Limited,London,United Kingdom,109.246.20.17,no-dns-yet.as25178.net,9.605,AS25178 Optify Mediaforce Limited,London,United Kingdom,109.246.30.2,no-dns-yet.as25178.net,3.503,AS25178 Optify Mediaforce Limited,London,United Kingdom,109.246.48.206,xe-0-0-1.leeds-mx80.as25178.net,8.261,AS25178 Optify Mediaforce Limited,Liverpool,United Kingdom,,,,,,,,,,,,,,,,,,,,,,,,,,,,,,,,,,,,,,,,,,,,,,,,,,,,,,,,,,,,,,,,,,,,,,,,,,,,,,
vancouver,canada,4g,4,www.instagram.com,209.52.156.161,Unknown,AS852 TELUS Communications Inc.,Vancouver,Canada,10,192.168.43.61,Unknown,4.014,,,,96.1.138.45,Unknown,50.493,,Burnaby,Canada,10.191.15.240,Unknown,20.315,,,,10.191.15.163,Unknown,16.768,,,,10.191.219.82,Unknown,21.528,,,,10.191.253.132,Unknown,19.231,,,,173.182.212.167,Unknown,31.901,,Burnaby,Canada,96.1.216.227,Unknown,36.521,,Burnaby,Canada,209.52.143.229,m229.aaa.bbb.ccc.bctel.net,22.704,AS852 TELUS Communications Inc.,Vancouver,Canada,209.52.143.229,m229.aaa.bbb.ccc.bctel.net,20.69,AS852 TELUS Communications Inc.,Vancouver,Canada,,,,,,,,,,,,,,,,,,,,,,,,,,,,,,,,,,,,,,,,,,,,,,,,,,,,,,
london,uk,4g,4,www.youtube.com,173.194.139.10,Unknown,AS15169 Google LLC,Mountain View,United States,16,192.168.43.1,Unknown,40.584,,,,,,,,,,10.142.65.173,Unknown,32.614,,,,10.142.233.242,Unknown,49.417,,,,10.142.234.149,Unknown,62.117,,,,,,,,,,10.142.234.193,Unknown,43.207,,,,10.142.233.233,Unknown,41.446,,,,10.142.68.38,Unknown,38.809,,,,,,,,,,62.252.224.94,tele-ic-8-ae5-0.network.virginmedia.net,41.568,AS5089 Virgin Media Limited,Northampton,United Kingdom,212.250.14.86,86-14-250-212.static.virginm.net,43.102,AS5089 Virgin Media Limited,London,United Kingdom,,,,,,,64.233.175.90,Unknown,150.702,AS15169 Google LLC,Mountain View,United States,216.239.49.215,Unknown,39.799,AS15169 Google LLC,Mountain View,United States,173.194.139.10,Unknown,40.824,AS15169 Google LLC,Mountain View,United States,,,,,,,,,,,,,,,,,,
bromsgrove,uk,wifi,6,www.instagram.com,2a03:2880:f258:cb:face:b00c::43fe,Unknown,"AS32934 Facebook, Inc.",London,United Kingdom,8,2a02:c7f:727f:100::1,Unknown,2.024,AS5607 Sky UK Limited,Dudley,United Kingdom,,,,,,,2a02:c7a:4:ffff::291,Unknown,11.073,AS5607 Sky UK Limited,London,United Kingdom,,,,,,,2620:0:1cff:dead:beef::14dc,Unknown,11.247,"AS32934 Facebook, Inc.",Menlo Park,United States,2620:0:1cff:dead:beef::2bcf,Unknown,10.634,"AS32934 Facebook, Inc.",Menlo Park,United States,2a03:2880:f058:ffff::12f,Unknown,10.438,"AS32934 Facebook, Inc.",London,United Kingdom,2a03:2880:f258:cb:face:b00c::43fe,Unknown,10.968,"AS32934 Facebook, Inc.",London,United Kingdom,,,,,,,,,,,,,,,,,,,,,,,,,,,,,,,,,,,,,,,,,,,,,,,,,,,,,,,,,,,,,,,,,,
carmarthen,uk,wifi,4,www.youtube.com,90.201.127.80,host15-rangec-ggc.cdn.bllon.isp.sky.com,AS5607 Sky UK Limited,London,United Kingdom,3,192.168.0.1,Unknown,1.799,,,,,,,,,,89.200.133.199,be400.pr3.bllon.isp.sky.com,14.977,,London,United Kingdom,,,,,,,,,,,,,,,,,,,,,,,,,,,,,,,,,,,,,,,,,,,,,,,,,,,,,,,,,,,,,,,,,,,,,,,,,,,,,,,,,,,,,,,,,,,,,,,,
neworleans,us,4g,4,www.instagram.com,204.180.203.33,Unknown,AS1239 Sprint,Houston,United States,6,172.20.10.1,Unknown,2.315,,,,66.1.77.39,Unknown,46.332,AS3651 Sprint,Houston,United States,,,,,,,66.1.79.9,Unknown,33.328,,Atlantic City,United States,144.228.11.49,sl-crs2-hou-be9.sprintlink.net,51.694,AS1239 Sprint,Houston,United States,144.228.45.22,Unknown,78.642,AS1239 Sprint,Houston,United States,,,,,,,,,,,,,,,,,,,,,,,,,,,,,,,,,,,,,,,,,,,,,,,,,,,,,,,,,,,,,,,,,,,,,,,,,,,,,,
hemelhempstead,uk,4g,6,www.instagram.com,2a03:2880:f229:c4:face:b00c:0:43fe,Unknown,"AS32934 Facebook, Inc.",London,United Kingdom,14,2a01:4c8:64:c8b5:b843:2b7c:2262:bb24,Unknown,53.27,AS12576 EE Limited,London,United Kingdom,,,,,,,2a01:4c8:f800:837::,Unknown,44.487,AS12576 EE Limited,Hatfield,United Kingdom,2a01:4c8:f800:851::3,Unknown,45.285,AS12576 EE Limited,Hatfield,United Kingdom,2a01:4c8:f800:806::2,Unknown,47.958,AS12576 EE Limited,Hatfield,United Kingdom,2a01:4c8:f800:805::1,Unknown,79.369,AS12576 EE Limited,Hatfield,United Kingdom,2a01:4c8:f800:818::2,Unknown,63.917,AS12576 EE Limited,Hatfield,United Kingdom,2a01:4c8:f800:854::2,Unknown,37.81,AS12576 EE Limited,Hatfield,United Kingdom,2a01:4c8:f800:8060::2,Unknown,35.121,AS12576 EE Limited,Hatfield,United Kingdom,2620:0:1cff:dead:beee::474,Unknown,37.087,"AS32934 Facebook, Inc.",Menlo Park,United States,2620:0:1cff:dead:beef::abc,Unknown,54.683,"AS32934 Facebook, Inc.",Menlo Park,United States,2620:0:1cff:dead:beef::1c1d,Unknown,68.21,"AS32934 Facebook, Inc.",Menlo Park,United States,2a03:2880:f029:ffff::6f,Unknown,34.571,"AS32934 Facebook, Inc.",London,United Kingdom,2a03:2880:f229:c4:face:b00c:0:43fe,Unknown,33.62,"AS32934 Facebook, Inc.",London,United Kingdom,,,,,,,,,,,,,,,,,,,,,,,,,,,,,,
eastpeoria,us,wifi,4,www.youtube.com,173.194.162.11,Unknown,AS15169 Google LLC,Princeton,United States,15,192.168.1.1,Unknown,1.863,,,,192.168.0.1,Unknown,5.15,,,,10.132.14.1,Unknown,26.222,,,,172.30.35.9,Unknown,18.06,,,,68.66.73.70,68-66-73-70.client.mchsi.com,33.344,AS30036 Mediacom Communications Corp,Gibson City,United States,68.66.73.122,po10.chgil001er1.mchsi.com,37.964,AS30036 Mediacom Communications Corp,Chicago,United States,72.14.194.2,Unknown,24.066,AS15169 Google LLC,Mountain View,United States,,,,,,,108.170.243.174,Unknown,33.18,AS15169 Google LLC,Mountain View,United States,108.170.243.175,Unknown,39.484,AS15169 Google LLC,Mountain View,United States,216.239.40.189,Unknown,44.981,AS15169 Google LLC,Mountain View,United States,209.85.241.122,Unknown,43.685,AS15169 Google LLC,Mountain View,United States,108.170.243.225,Unknown,19.059,AS15169 Google LLC,Mountain View,United States,216.239.41.21,Unknown,35.162,AS15169 Google LLC,Mountain View,United States,173.194.162.11,Unknown,36.531,AS15169 Google LLC,Princeton,United States,,,,,,,,,,,,,,,,,,,,,,,,
cambridge,uk,wifi,4,www.youtube.com,2.127.237.144,host144-rangea-ggc.cdn.enlba.isp.sky.com,AS5607 Sky UK Limited,Nottingham,United Kingdom,3,192.168.0.1,Unknown,2.989,,,,,,,,,,2.120.9.76,be391.pr3.enlba.isp.sky.com,13.664,AS5607 Sky UK Limited,London,United Kingdom,,,,,,,,,,,,,,,,,,,,,,,,,,,,,,,,,,,,,,,,,,,,,,,,,,,,,,,,,,,,,,,,,,,,,,,,,,,,,,,,,,,,,,,,,,,,,,,,
amersfoort,netherlands,4g,4,www.youtube.com,74.125.8.27,Unknown,AS15169 Google LLC,Amsterdam,Netherlands,10,172.20.10.1,Unknown,3.329,,,,,,,,,,,,,,,,,,,,,,,,,,,,84.241.225.42,Unknown,52.241,AS31615 T-mobile Netherlands B.V.,Amsterdam,Netherlands,72.14.196.142,Unknown,33.845,AS15169 Google LLC,Mountain View,United States,108.170.241.129,Unknown,66.229,AS15169 Google LLC,Mountain View,United States,216.239.41.225,Unknown,33.392,AS15169 Google LLC,Mountain View,United States,74.125.8.27,Unknown,41.835,AS15169 Google LLC,Amsterdam,Netherlands,,,,,,,,,,,,,,,,,,,,,,,,,,,,,,,,,,,,,,,,,,,,,,,,,,,,,,
cambridge,uk,4g,4,www.youtube.com,173.194.183.138,Unknown,AS15169 Google LLC,London,United Kingdom,3,172.20.10.1,Unknown,0.605,,,,,,,,,,172.20.133.5,Unknown,61.11,,,,,,,,,,,,,,,,,,,,,,,,,,,,,,,,,,,,,,,,,,,,,,,,,,,,,,,,,,,,,,,,,,,,,,,,,,,,,,,,,,,,,,,,,,,,,,,,,,,
cambridge,canada,4g,4,www.youtube.com,207.219.213.12,host12.esmodnc.org,AS852 TELUS Communications Inc.,Montréal,Canada,9,172.20.10.1,Unknown,2.606,,,,96.1.138.13,Unknown,264.084,,Burnaby,Canada,10.183.15.240,Unknown,308.265,,,,10.183.15.163,Unknown,131.277,,,,10.183.219.82,Unknown,159.807,,,,10.183.253.132,Unknown,188.08,,,,96.1.223.169,Unknown,67.701,,Middletown,United States,75.154.215.139,Unknown,172.518,,Burnaby,Canada,75.154.215.139,Unknown,118.733,,Burnaby,Canada,,,,,,,,,,,,,,,,,,,,,,,,,,,,,,,,,,,,,,,,,,,,,,,,,,,,,,,,,,,,
maastricht,netherlands,wifi,4,www.youtube.com,74.125.8.27,Unknown,AS15169 Google LLC,Amsterdam,Netherlands,9,192.168.0.1,Unknown,1.01,,,,192.168.178.1,Unknown,2.479,,,,213.51.1.123,asd-tr0021-cr141-sys.core.as33915.net,16.857,AS33915 Vodafone Libertel B.V.,Amsterdam,Netherlands,213.51.7.104,asd-tr0021-cr101-be51.core.as33915.net,19.782,AS33915 Vodafone Libertel B.V.,Amsterdam,Netherlands,213.46.182.22,10ge-1-4.cr1.ams2.baseip.com,15.907,AS6830 Liberty Global B.V.,Amsterdam,Netherlands,,,,,,,108.170.236.220,Unknown,25.234,AS15169 Google LLC,Mountain View,United States,216.239.41.221,Unknown,25.237,AS15169 Google LLC,Mountain View,United States,74.125.8.27,Unknown,27.353,AS15169 Google LLC,Amsterdam,Netherlands,,,,,,,,,,,,,,,,,,,,,,,,,,,,,,,,,,,,,,,,,,,,,,,,,,,,,,,,,,,,
london,uk,wifi,4,www.youtube.com,62.252.60.80,cpc3-stme1-3-0-cust80.cdif.cable.ntl.com,AS5089 Virgin Media Limited,London,United Kingdom,5,192.168.0.1,Unknown,1.998,,,,,,,,,,62.255.65.181,popl-core-2a-xe-324-0.network.virginmedia.net,13.995,AS5089 Virgin Media Limited,London,United Kingdom,,,,,,,62.254.84.158,Unknown,21.009,AS5089 Virgin Media Limited,London,United Kingdom,,,,,,,,,,,,,,,,,,,,,,,,,,,,,,,,,,,,,,,,,,,,,,,,,,,,,,,,,,,,,,,,,,,,,,,,,,,,,,,,,,,,
bourneend,uk,4g,4,www.youtube.com,173.194.139.10,Unknown,AS15169 Google LLC,Mountain View,United States,3,172.20.10.1,Unknown,0.738,,,,,,,,,,172.20.37.5,Unknown,30.056,,,,,,,,,,,,,,,,,,,,,,,,,,,,,,,,,,,,,,,,,,,,,,,,,,,,,,,,,,,,,,,,,,,,,,,,,,,,,,,,,,,,,,,,,,,,,,,,,,,
london,uk,4g,4,www.instagram.com,157.240.1.52,Unknown,"AS32934 Facebook, Inc.",London,United Kingdom,3,172.20.10.1,Unknown,3.801,,,,,,,,,,172.20.197.5,Unknown,48.654,,,,,,,,,,,,,,,,,,,,,,,,,,,,,,,,,,,,,,,,,,,,,,,,,,,,,,,,,,,,,,,,,,,,,,,,,,,,,,,,,,,,,,,,,,,,,,,,,,,
berlin,germany,wifi,6,www.youtube.com,2a01:860:1000:1::10,Unknown,AS3209 Vodafone GmbH,Düsseldorf,Germany,6,2a02:8109:92c0:fb8:3631:c4ff:fef2:bf2c,Unknown,1.304,AS31334 Vodafone Deutschland GmbH,Berlin,Germany,2a02:8109:8001:25::1,Unknown,11.142,AS31334 Vodafone Deutschland GmbH,Unterföhring,Germany,2a02:8109:8001:25::1,Unknown,12.686,AS31334 Vodafone Deutschland GmbH,Unterföhring,Germany,2a02:8100:6:2::103:11,Unknown,16.179,AS3209 Vodafone GmbH,Unterföhring,Germany,,,,,,,2a01:860:1000:1::1,Unknown,16.883,AS3209 Vodafone GmbH,Düsseldorf,Germany,,,,,,,,,,,,,,,,,,,,,,,,,,,,,,,,,,,,,,,,,,,,,,,,,,,,,,,,,,,,,,,,,,,,,,,,,,,,,,
london,uk,4g,4,www.instagram.com,157.240.1.52,Unknown,"AS32934 Facebook, Inc.",London,United Kingdom,3,172.20.10.1,Unknown,9.324,,,,,,,,,,172.19.70.1,Unknown,33.943,,,,,,,,,,,,,,,,,,,,,,,,,,,,,,,,,,,,,,,,,,,,,,,,,,,,,,,,,,,,,,,,,,,,,,,,,,,,,,,,,,,,,,,,,,,,,,,,,,,
eastpeoria,us,wifi,4,www.instagram.com,157.240.2.52,instagram-p3-shv-01-ort2.fbcdn.net,"AS32934 Facebook, Inc.",Fostoria,United States,11,192.168.1.1,Unknown,1.459,,,,192.168.0.1,Unknown,3.738,,,,10.132.14.1,Unknown,50.456,,,,172.30.35.9,Unknown,26.978,,,,68.66.73.70,68-66-73-70.client.mchsi.com,33.364,AS30036 Mediacom Communications Corp,Gibson City,United States,68.66.73.122,po10.chgil001er1.mchsi.com,42.335,AS30036 Mediacom Communications Corp,Chicago,United States,157.240.76.14,ae6.pr04.ord3.tfbnw.net,20.091,"AS32934 Facebook, Inc.",Chicago,United States,31.13.30.160,po121.asw03.ord3.tfbnw.net,18.762,"AS32934 Facebook, Inc.",Moscow,Russia,129.134.35.226,po232.psw04.ord2.tfbnw.net,36.121,"AS32934 Facebook, Inc.",Chicago,United States,173.252.67.181,Unknown,20.226,"AS32934 Facebook, Inc.",Menlo Park,United States,157.240.2.52,instagram-p3-shv-01-ort2.fbcdn.net,20.686,"AS32934 Facebook, Inc.",Fostoria,United States,,,,,,,,,,,,,,,,,,,,,,,,,,,,,,,,,,,,,,,,,,,,,,,,
perth,australia,4g,4,www.youtube.com,198.142.188.208,Unknown,AS4804 Microplex PTY LTD,Sydney,Australia,8,172.20.10.1,Unknown,3.038,,,,10.251.255.254,Unknown,60.939,,,,10.194.36.17,Unknown,26.176,,,,10.194.125.2,Unknown,41.59,,,,10.194.125.9,Unknown,35.97,,,,10.194.125.209,Unknown,44.739,,,,,,,,,,210.49.113.194,o6lxnpr01-hu0-6-0.npr.optusnet.com.au,438.539,AS4804 Microplex PTY LTD,Sydney,Australia,,,,,,,,,,,,,,,,,,,,,,,,,,,,,,,,,,,,,,,,,,,,,,,,,,,,,,,,,,,,,,,,,,
perth,australia,wifi,6,www.youtube.com,2406:3400:0:2::c,Unknown,AS10143 Exetel Pty Ltd,The Rocks,Australia,4,2406:3400:600:68:fdd7:dced:c5f1:392a,Unknown,2.435,AS10143 Exetel Pty Ltd,Quinns Rocks,Australia,2406:3400:80:11::1,Unknown,17.444,AS10143 Exetel Pty Ltd,The Rocks,Australia,,,,,,,2406:3400:0:3::2,Unknown,65.481,AS10143 Exetel Pty Ltd,The Rocks,Australia,,,,,,,,,,,,,,,,,,,,,,,,,,,,,,,,,,,,,,,,,,,,,,,,,,,,,,,,,,,,,,,,,,,,,,,,,,,,,,,,,,,,,,,,,,
tokyo,japan,wifi,4,www.youtube.com,173.194.49.10,Unknown,AS15169 Google LLC,Mountain View,United States,17,192.168.11.1,Unknown,1.767,,,,221.251.242.57,221x251x242x57.ap221.ftth.ucom.ne.jp,12.686,AS17506 ARTERIA Networks Corporation,Tokyo,Japan,221.240.14.57,221x240x14x57.ap221.ftth.ucom.ne.jp,1.949,AS17506 ARTERIA Networks Corporation,Tokyo,Japan,221.112.22.113,221x112x22x113.ap221.ftth.ucom.ne.jp,12.697,AS17506 ARTERIA Networks Corporation,Tokyo,Japan,210.79.7.205,Unknown,3.281,AS17506 ARTERIA Networks Corporation,Tokyo,Japan,210.79.13.228,Unknown,2.747,AS17506 ARTERIA Networks Corporation,Tokyo,Japan,61.122.121.209,Unknown,3.06,AS17506 ARTERIA Networks Corporation,Tokyo,Japan,221.240.51.10,221x240x51x10.ap221.ftth.ucom.ne.jp,3.193,AS17506 ARTERIA Networks Corporation,Tokyo,Japan,72.14.197.122,Unknown,6.782,AS15169 Google LLC,Mountain View,United States,,,,,,,72.14.237.222,Unknown,4.477,AS15169 Google LLC,Mountain View,United States,108.170.242.177,Unknown,13.407,AS15169 Google LLC,Mountain View,United States,209.85.241.107,Unknown,4.793,AS15169 Google LLC,Mountain View,United States,209.85.244.34,Unknown,4.392,AS15169 Google LLC,Mountain View,United States,108.170.242.97,Unknown,3.677,AS15169 Google LLC,Mountain View,United States,74.125.251.101,Unknown,4.086,AS15169 Google LLC,Mountain View,United States,173.194.49.10,Unknown,28.763,AS15169 Google LLC,Mountain View,United States,,,,,,,,,,,,
